Tweet Id,Text,Name,Screen Name,Created At,Favorites,Retweets,Language,Client,Tweet Type,Media Type,Media URLs,URLs,Hashtags,Mentions
1199277368902332416,"With @DellEMC PowerEdge servers powered by @AMDServer #EPYC processors, Nikhef uses incredible computing power to research the secrets of the universe.",Jorge Ortiz,DestroyerFather,Tue Nov 26 10:43:00 +0000 2019,0,18,English,"<a href=""http://twitter.com/download/android"" rel=""nofollow"">Twitter for Android</a>",Retweet,,,0,1,2
1199277713770647552,"@DellEMC Still waiting for the Top People to talk to, how long does a customer have to wait????",Robert,MrMacDonald7,Tue Nov 26 10:44:23 +0000 2019,0,0,English,"<a href=""https://mobile.twitter.com"" rel=""nofollow"">Twitter Web App</a>",Reply,,,0,0,1
1199308666215661568,@DellEMC So useful,Panda,Panda89598731,Tue Nov 26 12:47:22 +0000 2019,0,0,English,"<a href=""http://twitter.com/download/iphone"" rel=""nofollow"">Twitter for iPhone</a>",Reply,,,0,0,1
1199325535547072512,"With @DellEMC PowerEdge servers powered by @AMDServer #EPYC processors, Nikhef uses incredible computing power to research the secrets of the universe.",Kevin,carl_atm,Tue Nov 26 13:54:24 +0000 2019,0,18,English,"<a href=""http://twitter.com/download/android"" rel=""nofollow"">Twitter for Android</a>",Retweet,,,0,1,2
1199325989651615744,"What would be your choice on below #HyperConverged Infra products ???

#NetAppHCI #Nutanix #Cisco #Hyperflex #Nutanix @nutanix #DellEMC 
@Cisco @VxRail @DellEMC @NetApp @NetAppAPAC #Hitachi @VMware @emc",தமிழரசன் - விவசாயின் மகன் (சோழநாடு),TTPThamizhan,Tue Nov 26 13:56:12 +0000 2019,1,0,English,"<a href=""http://twitter.com/download/android"" rel=""nofollow"">Twitter for Android</a>",Tweet,,,0,8,8
1199339326858940421,"Honored to be presenter today at Dell Bangalore site at the ""Women Who Code"" event.  Lots of sharing and insightful questions.

#iworkfordell #poweredge #dellemc #womenwhocode https://t.co/xK3tnsTY95",Armando Acosta,Armando75,Tue Nov 26 14:49:12 +0000 2019,0,5,English,"<a href=""http://twitter.com/download/android"" rel=""nofollow"">Twitter for Android</a>",Retweet,Photo,https://pbs.twimg.com/media/EKSOHl8XsAACVHt.jpg ,0,4,0
1199339349612978179,"Honored to be presenter today at Dell Bangalore site at the ""Women Who Code"" event.  Lots of sharing and insightful questions.

#iworkfordell #poweredge #dellemc #womenwhocode https://t.co/xK3tnsTY95",FemTech_🖥👩🏽‍💻,femtech_,Tue Nov 26 14:49:18 +0000 2019,0,5,English,"<a href=""https://rike.dev"" rel=""nofollow"">friendly fem tech bot</a>",Retweet,Photo,https://pbs.twimg.com/media/EKSOHl8XsAACVHt.jpg ,0,4,0
1199351681252839426,"Why are we winning @MichaelDell @DellTech @DellEMC 

#N1 in storage
#N1 in Cloud

Winning :

- amazing 😉 tech 
- Invest heavily in R&amp;D
- Scale ( 3xUKI sellers ) @AongusatDell credit 
( from Rob Tomlin )

#DellTechForum https://t.co/vg9pURWkMI",João Bocas - The Wearables Expert ™ #TrustInTech,WearablesExpert,Tue Nov 26 15:38:18 +0000 2019,2,1,English,"<a href=""http://twitter.com/download/iphone"" rel=""nofollow"">Twitter for iPhone</a>",Tweet,Photo,https://pbs.twimg.com/media/EKTz_mqXsAAhBqc.jpg ,0,3,4
1199355034191970304,"Not a silent disco but... VMware cloud on Dell EMC 

#DellTechForum #dellemc #VMware https://t.co/nkSuN2tloT",Stephen,Stephen55814114,Tue Nov 26 15:51:37 +0000 2019,0,0,English,"<a href=""http://twitter.com/download/android"" rel=""nofollow"">Twitter for Android</a>",Tweet,Photo,https://pbs.twimg.com/media/EKT3CjfX0AANX4u.jpg ,0,3,0
1199360797731885056,"#Nashville #Technology #DellNashville  RT @Stephen55814114: Not a silent disco but... VMware cloud on Dell EMC 

#DellTechForum #dellemc #VMware https://t.co/WtraXtAKRh",BowmanDatacenter,BowmanDatacent1,Tue Nov 26 16:14:31 +0000 2019,0,0,English,"<a href=""http://nowebsite.xxx"" rel=""nofollow"">Re-tweeterbot</a>",Tweet,Photo,https://pbs.twimg.com/media/EKT3CjfX0AANX4u.jpg ,0,6,1
1199362962701484033,"We're 3 days away from our 7th Annual Turkey Bowl!! Register Now!                                          Contact Marketing@powerland.ca for more information

@HPE @HPCanada @SYNNEX @DellEMC @qumulo @LenovoCanada @microsoftcanada @intel @McAfee @Veeam @Cisco @CheckPointSW https://t.co/WwirMO87hx",Powerland,Powerland_CA,Tue Nov 26 16:23:08 +0000 2019,1,1,English,"<a href=""http://twitter.com/download/iphone"" rel=""nofollow"">Twitter for iPhone</a>",Tweet,Photo,https://pbs.twimg.com/media/EKT-QT0VUAElBqF.jpg ,0,0,12
1199369313578151936,"We're 3 days away from our 7th Annual Turkey Bowl!! Register Now!                                          Contact Marketing@powerland.ca for more information

@HPE @HPCanada @SYNNEX @DellEMC @qumulo @LenovoCanada @microsoftcanada @intel @McAfee @Veeam @Cisco @CheckPointSW https://t.co/WwirMO87hx",Qumulo,qumulo,Tue Nov 26 16:48:22 +0000 2019,0,1,English,"<a href=""https://mobile.twitter.com"" rel=""nofollow"">Twitter Web App</a>",Retweet,Photo,https://pbs.twimg.com/media/EKT-QT0VUAElBqF.jpg ,0,0,12
1199371715937259521,"@leecaswell Very well.   Lots of customers like @tdameritrade, and while of course we support @kubernetesio pretty well everywhere, @DellEMC @VMware #VxRail and #VCF are our continuously tested/validated/integrated on premises deployment option. With #ProjectPacific we will go even further!",Chad Sakac,sakacc,Tue Nov 26 16:57:54 +0000 2019,25,6,English,"<a href=""http://twitter.com/download/iphone"" rel=""nofollow"">Twitter for iPhone</a>",Reply,,,0,3,5
1199375474847301632,"Great &amp; exciting day - that’s a wrap @DellTech @DellEMCHealth   @DellEMC_CI @DellTechForum 

@virtustream @pivotal @RG_System @PivotalUK @Secureworks @RSAsecurity @CDWCorp  @CDW_Healthcare @WWT_UKI @RG_System_NA @pivotal @PivotalUK @CDWCorp  @VMware 

#DellTechForum #Tech4Good RT https://t.co/2x3vazlWdS",João Bocas - The Wearables Expert ™ #TrustInTech,WearablesExpert,Tue Nov 26 17:12:51 +0000 2019,12,2,English,"<a href=""http://twitter.com/download/iphone"" rel=""nofollow"">Twitter for iPhone</a>",Tweet,Video,https://video.twimg.com/ext_tw_video/1199375419239227394/pu/vid/640x360/BqPungXQ0m_svctK.mp4?tag=10 ,0,2,18
1199375701973094402,"Great &amp; exciting day - that’s a wrap @DellTech @DellEMCHealth   @DellEMC_CI @DellTechForum 

@virtustream @pivotal @RG_System @PivotalUK @Secureworks @RSAsecurity @CDWCorp  @CDW_Healthcare @WWT_UKI @RG_System_NA @pivotal @PivotalUK @CDWCorp  @VMware 

#DellTechForum #Tech4Good RT https://t.co/2x3vazlWdS",Digital Salutem,DigitalSalutem,Tue Nov 26 17:13:45 +0000 2019,0,2,English,"<a href=""http://twitter.com/download/iphone"" rel=""nofollow"">Twitter for iPhone</a>",Retweet,Video,https://video.twimg.com/ext_tw_video/1199375419239227394/pu/vid/640x360/BqPungXQ0m_svctK.mp4?tag=10 ,0,2,18
1199376721394487303,"@leecaswell Very well.   Lots of customers like @tdameritrade, and while of course we support @kubernetesio pretty well everywhere, @DellEMC @VMware #VxRail and #VCF are our continuously tested/validated/integrated on premises deployment option. With #ProjectPacific we will go even further!",Aaron Buley,aaronbuley,Tue Nov 26 17:17:48 +0000 2019,0,6,English,"<a href=""http://twitter.com/download/iphone"" rel=""nofollow"">Twitter for iPhone</a>",Retweet,,,0,3,5
1199379676139073538,"Great &amp; exciting day - that’s a wrap @DellTech @DellEMCHealth   @DellEMC_CI @DellTechForum 

@virtustream @pivotal @RG_System @PivotalUK @Secureworks @RSAsecurity @CDWCorp  @CDW_Healthcare @WWT_UKI @RG_System_NA @pivotal @PivotalUK @CDWCorp  @VMware 

#DellTechForum #Tech4Good RT https://t.co/2x3vazlWdS",RG System NA,RG_System_NA,Tue Nov 26 17:29:32 +0000 2019,0,2,English,"<a href=""https://mobile.twitter.com"" rel=""nofollow"">Twitter Web App</a>",Retweet,Video,https://video.twimg.com/ext_tw_video/1199375419239227394/pu/vid/640x360/BqPungXQ0m_svctK.mp4?tag=10 ,0,2,18
1199391165021347842,"@leecaswell Very well.   Lots of customers like @tdameritrade, and while of course we support @kubernetesio pretty well everywhere, @DellEMC @VMware #VxRail and #VCF are our continuously tested/validated/integrated on premises deployment option. With #ProjectPacific we will go even further!",Ivan Nekrasov,IvanAtDell,Tue Nov 26 18:15:12 +0000 2019,0,6,English,"<a href=""http://twitter.com/download/android"" rel=""nofollow"">Twitter for Android</a>",Retweet,,,0,3,5
1199391359850823680,"@leecaswell Very well.   Lots of customers like @tdameritrade, and while of course we support @kubernetesio pretty well everywhere, @DellEMC @VMware #VxRail and #VCF are our continuously tested/validated/integrated on premises deployment option. With #ProjectPacific we will go even further!",Deepak Waghmare,waghmaredb,Tue Nov 26 18:15:58 +0000 2019,0,6,English,"<a href=""http://twitter.com/download/iphone"" rel=""nofollow"">Twitter for iPhone</a>",Retweet,,,0,3,5
1199409136829698048,Check out: Driving Customer Centricity In Network Analytics #2019 #5g #dellemc #intel #nfv #sdn #sponsored #whitepaperhttps://sdx.io/YK8I,SDxCentral,sdxcentral,Tue Nov 26 19:26:36 +0000 2019,0,0,English,"<a href=""https://buffer.com"" rel=""nofollow"">Buffer</a>",Tweet,,,0,6,0
1199421126205739009,#Nashville #Technology #DellNashville  RT @sdxcentral: Check out: Driving Customer Centricity In Network Analytics #2019 #5g #dellemc #intel #nfv #sdn #sponsored #whitepaperhttps://sdx.io/YK8I,BowmanDatacenter,BowmanDatacent1,Tue Nov 26 20:14:15 +0000 2019,0,0,English,"<a href=""http://nowebsite.xxx"" rel=""nofollow"">Re-tweeterbot</a>",Tweet,,,0,9,1
1199428770685476864,"@Chris_Mellor @rbergin @Cisco deploy app in test. run synthetic load based on general user behavior while running a profiler (liveoptics is dellemc's version of rob's tool). it can tell you cpu in ghz consumed, ram in gb consumed, iops (generally at 95th%), and latency. based on those, size accordingly.",Josh Fidel,jcefidel,Tue Nov 26 20:44:37 +0000 2019,0,0,English,"<a href=""http://twitter.com/download/android"" rel=""nofollow"">Twitter for Android</a>",Reply,,,0,0,3
1199429783077163014,"@leecaswell Very well.   Lots of customers like @tdameritrade, and while of course we support @kubernetesio pretty well everywhere, @DellEMC @VMware #VxRail and #VCF are our continuously tested/validated/integrated on premises deployment option. With #ProjectPacific we will go even further!",Jason Marques,vWhipperSnapper,Tue Nov 26 20:48:39 +0000 2019,0,6,English,"<a href=""http://twitter.com/download/iphone"" rel=""nofollow"">Twitter for iPhone</a>",Retweet,,,0,3,5
1199434398682275840,"@MichaelDell @DellCares Why is it that tech support is refusing to fix my computer? My computer is still under warranty and apparently that means it gets shipped back to me still broken?
#fraud #DellTechForum #Dell #DellEMC",Luke Gelfius,Lgelfius,Tue Nov 26 21:06:59 +0000 2019,0,0,English,"<a href=""http://twitter.com/download/android"" rel=""nofollow"">Twitter for Android</a>",Tweet,,,0,4,2
1199505954431045634,"@leecaswell Very well.   Lots of customers like @tdameritrade, and while of course we support @kubernetesio pretty well everywhere, @DellEMC @VMware #VxRail and #VCF are our continuously tested/validated/integrated on premises deployment option. With #ProjectPacific we will go even further!",Paul Joyce,Storagepedia,Wed Nov 27 01:51:19 +0000 2019,0,6,English,"<a href=""http://twitter.com/download/android"" rel=""nofollow"">Twitter for Android</a>",Retweet,,,0,3,5
1199573653765185541,Congrats to 2020 @BGCL Youth of the Year Joel J &amp; thanks to @newbalance @DellEMC &amp; Exchange Club of Lawrence for making the club's #Thanksgiving party so special for all our youth members. #proud #grateful #changingkidslives https://t.co/F8CLsyjChA,BGC of Lawrence,BGCL,Wed Nov 27 06:20:20 +0000 2019,5,1,English,"<a href=""http://twitter.com/download/iphone"" rel=""nofollow"">Twitter for iPhone</a>",Tweet,Photo,https://pbs.twimg.com/media/EKW93uWWoAAAzw3.jpg https://pbs.twimg.com/media/EKW93uUXkAAHP3i.jpg https://pbs.twimg.com/media/EKW93uaWoAAais4.jpg https://pbs.twimg.com/media/EKW930jW4AAueAt.jpg ,0,4,3
1199609544227381248,"... congrats to my @DellEMC colleagues!  Gained share across the board, huge gains in storage in a tough market where others are wilting under the pressure. Not surprised to see build-to-buy continuum to keep shifting + the little love-child “engine that could” #VxRail kick butt!",Chad Sakac,sakacc,Wed Nov 27 08:42:57 +0000 2019,110,9,English,"<a href=""http://twitter.com/download/iphone"" rel=""nofollow"">Twitter for iPhone</a>",Tweet,,,0,1,1
1199611436198219776,"... congrats to my @DellEMC colleagues!  Gained share across the board, huge gains in storage in a tough market where others are wilting under the pressure. Not surprised to see build-to-buy continuum to keep shifting + the little love-child “engine that could” #VxRail kick butt!",Giuliano Bertello,GiulianoBerteo,Wed Nov 27 08:50:28 +0000 2019,0,9,English,"<a href=""http://twitter.com/download/iphone"" rel=""nofollow"">Twitter for iPhone</a>",Retweet,,,0,1,1
1199615210832547840,@sakacc @DellEMC Are you able to share the results?,Feras Jaber,Feras_Jaber,Wed Nov 27 09:05:28 +0000 2019,0,0,English,"<a href=""http://twitter.com/download/android"" rel=""nofollow"">Twitter for Android</a>",Reply,,,0,0,2
1199630589814435840,"... congrats to my @DellEMC colleagues!  Gained share across the board, huge gains in storage in a tough market where others are wilting under the pressure. Not surprised to see build-to-buy continuum to keep shifting + the little love-child “engine that could” #VxRail kick butt!",Parasar Kodati,pkodati,Wed Nov 27 10:06:35 +0000 2019,0,9,English,"<a href=""http://twitter.com/download/iphone"" rel=""nofollow"">Twitter for iPhone</a>",Retweet,,,0,1,1
1199635098284576768,Congrats to 2020 @BGCL Youth of the Year Joel J &amp; thanks to @newbalance @DellEMC &amp; Exchange Club of Lawrence for making the club's #Thanksgiving party so special for all our youth members. #proud #grateful #changingkidslives https://t.co/F8CLsyjChA,"DLC Law Group, P.C.",thedlclawgroup,Wed Nov 27 10:24:30 +0000 2019,0,1,English,"<a href=""http://twitter.com/download/iphone"" rel=""nofollow"">Twitter for iPhone</a>",Retweet,Photo,https://pbs.twimg.com/media/EKW93uWWoAAAzw3.jpg https://pbs.twimg.com/media/EKW93uUXkAAHP3i.jpg https://pbs.twimg.com/media/EKW93uaWoAAais4.jpg https://pbs.twimg.com/media/EKW930jW4AAueAt.jpg ,0,4,3
1199644527650316289,"... congrats to my @DellEMC colleagues!  Gained share across the board, huge gains in storage in a tough market where others are wilting under the pressure. Not surprised to see build-to-buy continuum to keep shifting + the little love-child “engine that could” #VxRail kick butt!",David Giesecke,dgiesecke05,Wed Nov 27 11:01:58 +0000 2019,0,9,English,"<a href=""http://twitter.com/download/iphone"" rel=""nofollow"">Twitter for iPhone</a>",Retweet,,,0,1,1
1199648733723541505,Kevin Corey delivering a #SDN masterclass to our @DellEMCSolCtrs  customers today in #limerick #dellemc @DellNetworking https://t.co/9JFhsQFq81,Paul Wynne,VDIallStar,Wed Nov 27 11:18:41 +0000 2019,21,5,English,"<a href=""http://twitter.com/download/android"" rel=""nofollow"">Twitter for Android</a>",Tweet,Photo,https://pbs.twimg.com/media/EKYCKOLWkAAXl2z.jpg ,0,3,2
1199651596763828229,Ready to start the Pro Support Tour at DellEMC Cherrywood!! #Iwork4Dell #IEnjoyatDell https://t.co/jWAzsVkJLS,Daniel Martinez,DaniMP78,Wed Nov 27 11:30:03 +0000 2019,7,0,English,"<a href=""http://twitter.com/download/iphone"" rel=""nofollow"">Twitter for iPhone</a>",Tweet,Photo,https://pbs.twimg.com/media/EKYEw3nWkAA2pZ_.jpg ,0,2,0
1199654316698742785,"... congrats to my @DellEMC colleagues!  Gained share across the board, huge gains in storage in a tough market where others are wilting under the pressure. Not surprised to see build-to-buy continuum to keep shifting + the little love-child “engine that could” #VxRail kick butt!",Jason Marques,vWhipperSnapper,Wed Nov 27 11:40:52 +0000 2019,0,9,English,"<a href=""http://twitter.com/download/iphone"" rel=""nofollow"">Twitter for iPhone</a>",Retweet,,,0,1,1
1199654988294832134,Kevin Corey delivering a #SDN masterclass to our @DellEMCSolCtrs  customers today in #limerick #dellemc @DellNetworking https://t.co/9JFhsQFq81,bowdenneil,bowdenneil,Wed Nov 27 11:43:32 +0000 2019,0,5,English,"<a href=""http://twitter.com/download/android"" rel=""nofollow"">Twitter for Android</a>",Retweet,Photo,https://pbs.twimg.com/media/EKYCKOLWkAAXl2z.jpg ,0,3,2
1199662155261521921,Kevin Corey delivering a #SDN masterclass to our @DellEMCSolCtrs  customers today in #limerick #dellemc @DellNetworking https://t.co/9JFhsQFq81,Victor Forde,victorforde,Wed Nov 27 12:12:01 +0000 2019,0,5,English,"<a href=""http://twitter.com/download/iphone"" rel=""nofollow"">Twitter for iPhone</a>",Retweet,Photo,https://pbs.twimg.com/media/EKYCKOLWkAAXl2z.jpg ,0,3,2
1199666708027498497,Kevin Corey delivering a #SDN masterclass to our @DellEMCSolCtrs  customers today in #limerick #dellemc @DellNetworking https://t.co/9JFhsQFq81,Des O'Sullivan,DesOS_CSC,Wed Nov 27 12:30:06 +0000 2019,0,5,English,"<a href=""http://twitter.com/download/iphone"" rel=""nofollow"">Twitter for iPhone</a>",Retweet,Photo,https://pbs.twimg.com/media/EKYCKOLWkAAXl2z.jpg ,0,3,2
1199685930866614273,"@leecaswell Very well.   Lots of customers like @tdameritrade, and while of course we support @kubernetesio pretty well everywhere, @DellEMC @VMware #VxRail and #VCF are our continuously tested/validated/integrated on premises deployment option. With #ProjectPacific we will go even further!",George Greenleaf,greeng2,Wed Nov 27 13:46:29 +0000 2019,0,6,English,"<a href=""http://twitter.com/download/iphone"" rel=""nofollow"">Twitter for iPhone</a>",Retweet,,,0,3,5
1199686075540750337,"Why are we winning @MichaelDell @DellTech @DellEMC 

#N1 in storage
#N1 in Cloud

Winning :

- amazing 😉 tech 
- Invest heavily in R&amp;D
- Scale ( 3xUKI sellers ) @AongusatDell credit 
( from Rob Tomlin )

#DellTechForum https://t.co/vg9pURWkMI",Digital Salutem,DigitalSalutem,Wed Nov 27 13:47:04 +0000 2019,0,1,English,"<a href=""http://twitter.com/download/iphone"" rel=""nofollow"">Twitter for iPhone</a>",Retweet,Photo,https://pbs.twimg.com/media/EKTz_mqXsAAhBqc.jpg ,0,3,4
1199690353508573189,Kevin Corey delivering a #SDN masterclass to our @DellEMCSolCtrs  customers today in #limerick #dellemc @DellNetworking https://t.co/9JFhsQFq81,James O'Connell,oconnj5,Wed Nov 27 14:04:04 +0000 2019,0,5,English,"<a href=""http://twitter.com/download/iphone"" rel=""nofollow"">Twitter for iPhone</a>",Retweet,Photo,https://pbs.twimg.com/media/EKYCKOLWkAAXl2z.jpg ,0,3,2
1199693892981022720,"... congrats to my @DellEMC colleagues!  Gained share across the board, huge gains in storage in a tough market where others are wilting under the pressure. Not surprised to see build-to-buy continuum to keep shifting + the little love-child “engine that could” #VxRail kick butt!",Junia Findlay,JuniaFindlay,Wed Nov 27 14:18:07 +0000 2019,0,9,English,"<a href=""http://twitter.com/download/android"" rel=""nofollow"">Twitter for Android</a>",Retweet,,,0,1,1
1199703878549360643,"... congrats to my @DellEMC colleagues!  Gained share across the board, huge gains in storage in a tough market where others are wilting under the pressure. Not surprised to see build-to-buy continuum to keep shifting + the little love-child “engine that could” #VxRail kick butt!",Sean Phelan,DealingPhelan,Wed Nov 27 14:57:48 +0000 2019,0,9,English,"<a href=""https://mobile.twitter.com"" rel=""nofollow"">Twitter Web App</a>",Retweet,,,0,1,1
1199703974473015302,"Adam Lewis @Atos talks about partnerships @DellTech @DellEMC @DellEMCHealth, digital workspace, #HybridCloud #DellTechForum 

@DellTechForum @AtosCanopy  - the future of work : @AkwyZ @NeilMilliken @oracleopenworld @EliseQuevedo @sallyeaves @TomRaftery @FrRonconi @jblefevre60 https://t.co/2PkP68l1AD",João Bocas - The Wearables Expert ™ #TrustInTech,WearablesExpert,Wed Nov 27 14:58:11 +0000 2019,14,7,English,"<a href=""http://twitter.com/download/iphone"" rel=""nofollow"">Twitter for iPhone</a>",Tweet,Video,https://video.twimg.com/ext_tw_video/1199703463833280513/pu/pl/sjYJ6D4pVcexWOon.m3u8?tag=10 ,0,2,14
1199704176294596608,"Adam Lewis @Atos talks about partnerships @DellTech @DellEMC @DellEMCHealth, digital workspace, #HybridCloud #DellTechForum 

@DellTechForum @AtosCanopy  - the future of work : @AkwyZ @NeilMilliken @oracleopenworld @EliseQuevedo @sallyeaves @TomRaftery @FrRonconi @jblefevre60 https://t.co/2PkP68l1AD",Jean-Baptiste Lefevre #CES2020,jblefevre60,Wed Nov 27 14:58:59 +0000 2019,0,7,English,"<a href=""http://twitter.com/download/iphone"" rel=""nofollow"">Twitter for iPhone</a>",Retweet,Video,https://video.twimg.com/ext_tw_video/1199703463833280513/pu/pl/sjYJ6D4pVcexWOon.m3u8?tag=10 ,0,2,14
1199704413255995392,"Adam Lewis @Atos talks about partnerships @DellTech @DellEMC @DellEMCHealth, digital workspace, #HybridCloud #DellTechForum 

@DellTechForum @AtosCanopy  - the future of work : @AkwyZ @NeilMilliken @oracleopenworld @EliseQuevedo @sallyeaves @TomRaftery @FrRonconi @jblefevre60 https://t.co/2PkP68l1AD",Antonio Vieira Santos #️⃣#CES2020🦉,AkwyZ,Wed Nov 27 14:59:56 +0000 2019,0,7,English,"<a href=""http://twitter.com/download/iphone"" rel=""nofollow"">Twitter for iPhone</a>",Retweet,Video,https://video.twimg.com/ext_tw_video/1199703463833280513/pu/pl/sjYJ6D4pVcexWOon.m3u8?tag=10 ,0,2,14
1199704753049128961,"Adam Lewis @Atos talks about partnerships @DellTech @DellEMC @DellEMCHealth, digital workspace, #HybridCloud #DellTechForum 

@DellTechForum @AtosCanopy  - the future of work : @AkwyZ @NeilMilliken @oracleopenworld @EliseQuevedo @sallyeaves @TomRaftery @FrRonconi @jblefevre60 https://t.co/2PkP68l1AD",Digital Salutem,DigitalSalutem,Wed Nov 27 15:01:17 +0000 2019,0,7,English,"<a href=""http://twitter.com/download/iphone"" rel=""nofollow"">Twitter for iPhone</a>",Retweet,Video,https://video.twimg.com/ext_tw_video/1199703463833280513/pu/pl/sjYJ6D4pVcexWOon.m3u8?tag=10 ,0,2,14
1199710048618008576,"Adam Lewis @Atos talks about partnerships @DellTech @DellEMC @DellEMCHealth, digital workspace, #HybridCloud #DellTechForum 

@DellTechForum @AtosCanopy  - the future of work : @AkwyZ @NeilMilliken @oracleopenworld @EliseQuevedo @sallyeaves @TomRaftery @FrRonconi @jblefevre60 https://t.co/2PkP68l1AD",Franco Ronconi,FrRonconi,Wed Nov 27 15:22:19 +0000 2019,0,7,English,"<a href=""https://mobile.twitter.com"" rel=""nofollow"">Twitter Web App</a>",Retweet,Video,https://video.twimg.com/ext_tw_video/1199703463833280513/pu/pl/sjYJ6D4pVcexWOon.m3u8?tag=10 ,0,2,14
1199724830800699393,"Adam Lewis @Atos talks about partnerships @DellTech @DellEMC @DellEMCHealth, digital workspace, #HybridCloud #DellTechForum 

@DellTechForum @AtosCanopy  - the future of work : @AkwyZ @NeilMilliken @oracleopenworld @EliseQuevedo @sallyeaves @TomRaftery @FrRonconi @jblefevre60 https://t.co/2PkP68l1AD",Neil Milliken,NeilMilliken,Wed Nov 27 16:21:04 +0000 2019,0,7,English,"<a href=""http://twitter.com/download/iphone"" rel=""nofollow"">Twitter for iPhone</a>",Retweet,Video,https://video.twimg.com/ext_tw_video/1199703463833280513/pu/pl/sjYJ6D4pVcexWOon.m3u8?tag=10 ,0,2,14
1199726638956601347,Another #DellTechDayInHCL is here tomorrow at HCL Jigani campus! @hcltech folks in Bengaluru please join us for the day full of learning &amp; fun. Lots of prizes to win too!! @delltech @dellemc @BhavyaDellEMC @RodGardner4 @malhan_sachin @vermag1 @girish_na @shegeek_dell @Gordo_164,Alok Yadav DellEMC,telalok,Wed Nov 27 16:28:15 +0000 2019,4,3,English,"<a href=""http://twitter.com/download/iphone"" rel=""nofollow"">Twitter for iPhone</a>",Tweet,,,0,1,10
1199742092970475520,@telalok @hcltech @DellTech @DellEMC @BhavyaDellEMC @malhan_sachin @vermag1 @girish_na @shegeek_dell @Gordo_164 These Dell Tech days with @hcltech have been a real success and I am sure this one will be as well. Thanks @telalok @BhavyaDellEMC and team great opportunity to move the ball forward @anandnswamy,Rod Gardner,RodGardner4,Wed Nov 27 17:29:39 +0000 2019,3,2,English,"<a href=""http://twitter.com/download/iphone"" rel=""nofollow"">Twitter for iPhone</a>",Reply,,,0,0,14
1199758636869935104,"@SMWookie @ace66692 well if #SC19 was any indication (oh, and a little supercomputer win @SDSC_UCSD ""Expanse"" with @AMDServer / @DellEMC C6525 servers ;) ), our continued trajectory with AMD is pretty phenomenal.  cc @jamonascone @DellTech",Dave Graham,davegraham,Wed Nov 27 18:35:24 +0000 2019,3,0,English,"<a href=""https://mobile.twitter.com"" rel=""nofollow"">Twitter Web App</a>",Reply,,,0,1,7
1199759381362987008,@davegraham @SMWookie @ace66692 @SDSC_UCSD @AMDServer @DellEMC @jamonascone @DellTech great to hear.. can't wait for more consumer pc and notebooks as well!,636,636_OC,Wed Nov 27 18:38:21 +0000 2019,1,0,English,"<a href=""https://mobile.twitter.com"" rel=""nofollow"">Twitter Web App</a>",Reply,,,0,0,8
1199761619271729153,"Wow,.. what a skyline. Evening drinks overlooking #thenile #iwork4dell #dellemc https://t.co/i3IQmDETp4",Marc O'Regan,reddogmarc,Wed Nov 27 18:47:15 +0000 2019,19,0,English,"<a href=""http://twitter.com/download/iphone"" rel=""nofollow"">Twitter for iPhone</a>",Tweet,Photo,https://pbs.twimg.com/media/EKZo05AXYAEdwVl.jpg ,0,3,0
1199768427981873153,"#Nashville #Technology #DellNashville  RT @reddogmarc: Wow,.. what a skyline. Evening drinks overlooking #thenile #iwork4dell #dellemc https://t.co/B6RtkYHFPt",BowmanDatacenter,BowmanDatacent1,Wed Nov 27 19:14:18 +0000 2019,0,0,English,"<a href=""http://nowebsite.xxx"" rel=""nofollow"">Re-tweeterbot</a>",Tweet,Photo,https://pbs.twimg.com/media/EKZo05AXYAEdwVl.jpg ,0,6,1
1199786924984225792,"A special thank you to our ""Scalar Orange"" sponsors of our 2019 Scalar Client Holiday Galas, @DellEMC, @PureStorage, @Microsoft, @CiscoCanada, @IngramMicroCA, @intelcanada, @HPE_Storage, @TechDataCanada, and @ArrowGlobal! Looking forward to our first event tomorrow in #Montreal",Scalar Decisions,scalardecisions,Wed Nov 27 20:27:48 +0000 2019,1,0,English,"<a href=""http://www.hubspot.com/"" rel=""nofollow"">HubSpot</a>",Tweet,,,0,1,9
1199803187580026887,"... congrats to my @DellEMC colleagues!  Gained share across the board, huge gains in storage in a tough market where others are wilting under the pressure. Not surprised to see build-to-buy continuum to keep shifting + the little love-child “engine that could” #VxRail kick butt!",LeeAnn Esposito,LeeAnnEspo,Wed Nov 27 21:32:25 +0000 2019,0,9,English,"<a href=""http://twitter.com/download/iphone"" rel=""nofollow"">Twitter for iPhone</a>",Retweet,,,0,1,1
1199845709177970688,"#SC19 was a big success last week! Many thanks to everyone that made it possible.
Wishing all of the @DellTech @DellEMC family a huge Happy Thanksgiving!
#presenter #tradeshows #supercomputing https://t.co/kZ8k1Tbfao",Madison Alexander,madisonthehost,Thu Nov 28 00:21:23 +0000 2019,5,0,English,"<a href=""http://twitter.com/download/iphone"" rel=""nofollow"">Twitter for iPhone</a>",Tweet,Photo,https://pbs.twimg.com/media/EKa1T2DUYAAQQac.jpg https://pbs.twimg.com/media/EKa1T2DU8AAq9I_.jpg ,0,4,2
1199848962284498946,"A Bigram Poem inspired by DellEMC:
 PowerMax accelerates 
 accelerates performance 
 performance through 
 through 6 
 6 Billion 
 Billion decisions 
 decisions per 
   -Dell EMC",Bigram Poetry,BigramPoetry,Thu Nov 28 00:34:19 +0000 2019,0,0,English,"<a href=""http://bit.ly/bigrampoetry"" rel=""nofollow"">Bigram Poetry</a>",Tweet,,,0,0,0
1199897971808067584,A Sincere Thank You to our customers and partners #DellEMC #Storage https://t.co/dmXatyeWU9,elango sadasivam,elango_s,Thu Nov 28 03:49:04 +0000 2019,0,0,English,"<a href=""https://mobile.twitter.com"" rel=""nofollow"">Twitter Web App</a>",Tweet,Photo,https://pbs.twimg.com/media/EKbk02UVUAAkzvU.jpg ,0,2,0
1199904283090718720,#Nashville #Technology #DellNashville  RT @elango_s: A Sincere Thank You to our customers and partners #DellEMC #Storage https://t.co/DUg9rFPXHa,BowmanDatacenter,BowmanDatacent1,Thu Nov 28 04:14:08 +0000 2019,1,0,English,"<a href=""http://nowebsite.xxx"" rel=""nofollow"">Re-tweeterbot</a>",Tweet,Photo,https://pbs.twimg.com/media/EKbk02UVUAAkzvU.jpg ,0,5,1
1199925391806234624,"The stage is set 4 #DellTechDayInHCL

@delltech @dellemc @hcltech @telalok @RodGardner4 @tonymccoy63 @JayBOD3 @RajeshJaney @shegeek_dell @Gordo_164 @kklive @tsingh4IT @Piyu2u2  @pillainithin @anandnswamy @isachinbawse @TechnoGaurav @malhan_sachin @TabraizAmman @NalinKmalick https://t.co/WzWGxxhwGb",Alok Yadav DellEMC,telalok,Thu Nov 28 05:38:01 +0000 2019,0,1,English,"<a href=""http://twitter.com/download/iphone"" rel=""nofollow"">Twitter for iPhone</a>",Retweet,Photo,https://pbs.twimg.com/media/EKbfmFaVAAEZoOu.jpg ,0,1,20
1199927590582018048,@telalok @DellTech @DellEMC @hcltech @RodGardner4 @tonymccoy63 @shegeek_dell @Gordo_164 @kklive @tsingh4IT @Piyu2u2 @pillainithin @anandnswamy @isachinbawse @TechnoGaurav @TabraizAmman @BhavyaDellEMC @NalinKmalick Good start with keynote,sachin malhan,malhan_sachin,Thu Nov 28 05:46:45 +0000 2019,4,2,English,"<a href=""http://twitter.com/download/iphone"" rel=""nofollow"">Twitter for iPhone</a>",Reply,,,0,0,18
1199928826144251904,"Full house at #DellTechDayInHCL 
@delltech @dellemc @hcltech @telalok @RodGardner4 @tonymccoy63 @JayBOD3 @RajeshJaney @shegeek_dell @Gordo_164 @kklive @tsingh4IT @Piyu2u2  @anandnswamy @isachinbawse @TechnoGaurav @malhan_sachin @TabraizAmman @bhavyadellemc @SaravanaDellEMC https://t.co/WxhiU9Ipql",Alok Yadav DellEMC,telalok,Thu Nov 28 05:51:40 +0000 2019,2,2,English,"<a href=""http://twitter.com/download/iphone"" rel=""nofollow"">Twitter for iPhone</a>",Tweet,Photo,https://pbs.twimg.com/media/EKb_V9nUwAAYW0s.jpg https://pbs.twimg.com/media/EKb_V8PU4AAdVzN.jpg ,0,1,20
1199933124634824704,@telalok @DellTech @DellEMC @hcltech @RodGardner4 @tonymccoy63 @shegeek_dell @Gordo_164 @kklive @tsingh4IT @Piyu2u2 @pillainithin @anandnswamy @isachinbawse @TechnoGaurav @TabraizAmman @BhavyaDellEMC @NalinKmalick Good start with keynote,Alok Yadav DellEMC,telalok,Thu Nov 28 06:08:45 +0000 2019,0,2,English,"<a href=""http://twitter.com/download/iphone"" rel=""nofollow"">Twitter for iPhone</a>",Retweet,,,0,0,18
1199933156339568640,"Mr. Girish Gopalrao explaining IT trends #DellTechDayInHCL 
@delltech @dellemc @hcltech @RodGardner4 @tonymccoy63 @JayBOD3 @RajeshJaney @shegeek_dell @Gordo_164 @kklive @tsingh4IT @Piyu2u2  @anandnswamy @TechnoGaurav @malhan_sachin @BhavyaDellEMC https://t.co/9fOo4mgZHP",Alok Yadav DellEMC,telalok,Thu Nov 28 06:08:52 +0000 2019,6,4,English,"<a href=""http://twitter.com/download/iphone"" rel=""nofollow"">Twitter for iPhone</a>",Tweet,Photo,https://pbs.twimg.com/media/EKcE1gBU0AAD44Z.jpg ,0,1,16
1199933192976781313,"Mr. Girish Gopalrao explaining IT trends #DellTechDayInHCL 
@delltech @dellemc @hcltech @RodGardner4 @tonymccoy63 @JayBOD3 @RajeshJaney @shegeek_dell @Gordo_164 @kklive @tsingh4IT @Piyu2u2  @anandnswamy @TechnoGaurav @malhan_sachin @BhavyaDellEMC https://t.co/9fOo4mgZHP",Alok Yadav DellEMC,telalok,Thu Nov 28 06:09:01 +0000 2019,0,4,English,"<a href=""http://twitter.com/download/iphone"" rel=""nofollow"">Twitter for iPhone</a>",Retweet,Photo,https://pbs.twimg.com/media/EKcE1gBU0AAD44Z.jpg ,0,1,16
1199933191110324224,"Full house at #DellTechDayInHCL 
@delltech @dellemc @hcltech @telalok @RodGardner4 @tonymccoy63 @JayBOD3 @RajeshJaney @shegeek_dell @Gordo_164 @kklive @tsingh4IT @Piyu2u2  @anandnswamy @isachinbawse @TechnoGaurav @malhan_sachin @TabraizAmman @bhavyadellemc @SaravanaDellEMC https://t.co/WxhiU9Ipql",Alok Yadav DellEMC,telalok,Thu Nov 28 06:09:01 +0000 2019,0,2,English,"<a href=""http://twitter.com/download/iphone"" rel=""nofollow"">Twitter for iPhone</a>",Retweet,Photo,https://pbs.twimg.com/media/EKb_V9nUwAAYW0s.jpg https://pbs.twimg.com/media/EKb_V8PU4AAdVzN.jpg ,0,1,20
1199934187261685761,"Mr. Girish Gopalrao explaining IT trends #DellTechDayInHCL 
@delltech @dellemc @hcltech @RodGardner4 @tonymccoy63 @JayBOD3 @RajeshJaney @shegeek_dell @Gordo_164 @kklive @tsingh4IT @Piyu2u2  @anandnswamy @TechnoGaurav @malhan_sachin @BhavyaDellEMC https://t.co/9fOo4mgZHP",Priya Singh,sweetheatpriya,Thu Nov 28 06:12:58 +0000 2019,0,4,English,"<a href=""https://mobile.twitter.com"" rel=""nofollow"">Twitter Web App</a>",Retweet,Photo,https://pbs.twimg.com/media/EKcE1gBU0AAD44Z.jpg ,0,1,16
1199935013724155905,"@TechnoGaurav onstage #DellTechDayInHCL
@delltech @dellemc @hcltech @telalok @RodGardner4 @tonymccoy63 @JayBOD3 @RajeshJaney @shegeek_dell @Gordo_164 @kklive @tsingh4IT @Piyu2u2  @pillainithin @anandnswamy @isachinbawse @malhan_sachin @TabraizAmman @bhavyadellemc @NalinKmalick https://t.co/mUMHHUbEWs",Alok Yadav DellEMC,telalok,Thu Nov 28 06:16:15 +0000 2019,0,1,English,"<a href=""http://twitter.com/download/iphone"" rel=""nofollow"">Twitter for iPhone</a>",Retweet,Photo,https://pbs.twimg.com/media/EKcGcmvUwAAPeU8.jpg ,0,1,21
1199935416922591232,"DellEMC &amp; Hcl Collaboration, Innovation Patterns, Key Sessions by Leaders Make Innovation real #delltechdayinhcl",Vivek Madan,VivekMadan7,Thu Nov 28 06:17:51 +0000 2019,4,4,English,"<a href=""http://twitter.com/download/android"" rel=""nofollow"">Twitter for Android</a>",Tweet,,,0,1,0
1199935480386801664,"DellEMC &amp; Hcl Collaboration, Innovation Patterns, Key Sessions by Leaders Make Innovation real #delltechdayinhcl",Sophie,misssophiebot,Thu Nov 28 06:18:06 +0000 2019,0,4,English,"<a href=""https://www.botlibre.com"" rel=""nofollow"">Bot Libre!</a>",Retweet,,,0,1,0
1199935857190301697,@malhan_sachin presenting #HybridCloud value at #DellTechDayInHCL  @dellemc @hcltech @telalok @RodGardner4 @tonymccoy63 @JayBOD3 @RajeshJaney @shegeek_dell @Gordo_164 @kklive @tsingh4IT @Piyu2u2  @pillainithin @anandnswamy @isachinbawse @TechnoGaurav  @TabraizAmman @NalinKmalick https://t.co/OS7mFaLV5p,Alok Yadav DellEMC,telalok,Thu Nov 28 06:19:36 +0000 2019,0,2,English,"<a href=""http://twitter.com/download/iphone"" rel=""nofollow"">Twitter for iPhone</a>",Retweet,Photo,https://pbs.twimg.com/media/EKcHMgNVUAEClKO.jpg ,0,2,19
1199937858758311936,"Why Cloud and How we transform client environment, (DellEMC - vmware) - One Cloud Strategy #DellTechDayinHCL",Vivek Madan,VivekMadan7,Thu Nov 28 06:27:33 +0000 2019,4,4,English,"<a href=""http://twitter.com/download/android"" rel=""nofollow"">Twitter for Android</a>",Tweet,,,0,1,0
1199938896752103424,#DellTechDayinHCL   Data center as service by dellemc latest offering supported/Assisted by HCL Technologies,satish,gokale,Thu Nov 28 06:31:41 +0000 2019,2,1,English,"<a href=""http://twitter.com/download/android"" rel=""nofollow"">Twitter for Android</a>",Tweet,,,0,1,0
1199944689299836932,"Why Cloud and How we transform client environment, (DellEMC - vmware) - One Cloud Strategy #DellTechDayinHCL",Praveen k Bajpai,Praveen53895550,Thu Nov 28 06:54:42 +0000 2019,0,4,English,"<a href=""http://twitter.com/download/android"" rel=""nofollow"">Twitter for Android</a>",Retweet,,,0,1,0
1199944741527252994,"DellEMC &amp; Hcl Collaboration, Innovation Patterns, Key Sessions by Leaders Make Innovation real #delltechdayinhcl",Praveen k Bajpai,Praveen53895550,Thu Nov 28 06:54:54 +0000 2019,0,4,English,"<a href=""http://twitter.com/download/android"" rel=""nofollow"">Twitter for Android</a>",Retweet,,,0,1,0
1199945353232965632,"Why Cloud and How we transform client environment, (DellEMC - vmware) - One Cloud Strategy #DellTechDayinHCL",Harsh Shah,harsh_shah06,Thu Nov 28 06:57:20 +0000 2019,0,4,English,"<a href=""http://twitter.com/download/iphone"" rel=""nofollow"">Twitter for iPhone</a>",Retweet,,,0,1,0
1199948030289399808,"Mr. Sandeep is our first winner of the day!  #DellTechDayInHCL 
@delltech @dellemc @hcltech @telalok @RodGardner4 @tonymccoy63 @JayBOD3 @RajeshJaney @shegeek_dell @Gordo_164 @kklive @tsingh4IT @Piyu2u2 @anandnswamy @TechnoGaurav @malhan_sachin @TabraizAmman @bhavyadellemc https://t.co/RwlQ4346Lj",Alok Yadav DellEMC,telalok,Thu Nov 28 07:07:59 +0000 2019,4,2,English,"<a href=""http://twitter.com/download/iphone"" rel=""nofollow"">Twitter for iPhone</a>",Tweet,Photo,https://pbs.twimg.com/media/EKcSWzrUEAA2n9a.jpg ,0,1,18
1199948046739464192,"Dell Boomi session by @Tabraiz_Amman #DellTechDayInHCL 
@delltech @dellemc @hcltech @telalok @RodGardner4 @tonymccoy63 @JayBOD3 @RajeshJaney @shegeek_dell @Gordo_164 @kklive @tsingh4IT @Piyu2u2 @anandnswamy @isachinbawse @TechnoGaurav @malhan_sachin @bhavyadellemc https://t.co/zXbqgAD81b",Alok Yadav DellEMC,telalok,Thu Nov 28 07:08:02 +0000 2019,2,2,English,"<a href=""http://twitter.com/download/iphone"" rel=""nofollow"">Twitter for iPhone</a>",Tweet,Photo,https://pbs.twimg.com/media/EKcSYbUU4AA5u_m.jpg ,0,1,18
1199948107384901632,"Mr. Sandeep is our first winner of the day!  #DellTechDayInHCL 
@delltech @dellemc @hcltech @telalok @RodGardner4 @tonymccoy63 @JayBOD3 @RajeshJaney @shegeek_dell @Gordo_164 @kklive @tsingh4IT @Piyu2u2 @anandnswamy @TechnoGaurav @malhan_sachin @TabraizAmman @bhavyadellemc https://t.co/RwlQ4346Lj",Alok Yadav DellEMC,telalok,Thu Nov 28 07:08:17 +0000 2019,0,2,English,"<a href=""http://twitter.com/download/iphone"" rel=""nofollow"">Twitter for iPhone</a>",Retweet,Photo,https://pbs.twimg.com/media/EKcSWzrUEAA2n9a.jpg ,0,1,18
1199948188624408577,"#DellTechDayInHCL #GirishGopalarao presenting partnership value in evolving changes marketplace
#DellTechDayInHCL 
@delltech @dellemc @hcltech @telalok @RodGardner4 @tonymccoy63 @JayBOD3 @RajeshJaney @shegeek_dell @Gordo_164 @kklive @tsingh4IT @Piyu2u2  @pillainithin @anandnswamy",Alok Yadav DellEMC,telalok,Thu Nov 28 07:08:36 +0000 2019,0,2,English,"<a href=""http://twitter.com/download/iphone"" rel=""nofollow"">Twitter for iPhone</a>",Retweet,,,0,3,15
1199948363585601536,"Dell Boomi session by @Tabraiz_Amman #DellTechDayInHCL 
@delltech @dellemc @hcltech @telalok @RodGardner4 @tonymccoy63 @JayBOD3 @RajeshJaney @shegeek_dell @Gordo_164 @kklive @tsingh4IT @Piyu2u2 @anandnswamy @isachinbawse @TechnoGaurav @malhan_sachin @bhavyadellemc https://t.co/zXbqgAD81b",Alok Yadav DellEMC,telalok,Thu Nov 28 07:09:18 +0000 2019,0,2,English,"<a href=""http://twitter.com/download/iphone"" rel=""nofollow"">Twitter for iPhone</a>",Retweet,Photo,https://pbs.twimg.com/media/EKcSYbUU4AA5u_m.jpg ,0,1,18
1199949444034093056,"#DellTechDayInHCL 
@delltech @dellemc @hcltech @telalok @RodGardner4 @tonymccoy63 @JayBOD3@kklive @tsingh4IT @Piyu2u2  @pillainithin @anandnswamy @isachinbawse @TechnoGaura@TabraizAmman @bhavyadellemc @NalinKmalick   Excellent Session on Dell Bhoomi from Tabrez https://t.co/YpwTrDmmat",sachin malhan,malhan_sachin,Thu Nov 28 07:13:36 +0000 2019,6,2,English,"<a href=""http://twitter.com/download/iphone"" rel=""nofollow"">Twitter for iPhone</a>",Tweet,Photo,https://pbs.twimg.com/media/EKcTpFjVAAACf6H.jpg https://pbs.twimg.com/media/EKcTpphUEAAsG1S.jpg ,0,1,13
1199958062468976641,"Mr. Girish Gopalrao explaining IT trends #DellTechDayInHCL 
@delltech @dellemc @hcltech @RodGardner4 @tonymccoy63 @JayBOD3 @RajeshJaney @shegeek_dell @Gordo_164 @kklive @tsingh4IT @Piyu2u2  @anandnswamy @TechnoGaurav @malhan_sachin @BhavyaDellEMC https://t.co/9fOo4mgZHP",Anay Pathak,pathak_anay,Thu Nov 28 07:47:50 +0000 2019,0,4,English,"<a href=""http://twitter.com/download/android"" rel=""nofollow"">Twitter for Android</a>",Retweet,Photo,https://pbs.twimg.com/media/EKcE1gBU0AAD44Z.jpg ,0,1,16
1199958567731597313,"#DellTechDayInHCL #GirishGopalarao presenting partnership value in evolving changes marketplace
#DellTechDayInHCL 
@delltech @dellemc @hcltech @telalok @RodGardner4 @tonymccoy63 @JayBOD3 @RajeshJaney @shegeek_dell @Gordo_164 @kklive @tsingh4IT @Piyu2u2  @pillainithin @anandnswamy",Anay Pathak,pathak_anay,Thu Nov 28 07:49:51 +0000 2019,0,2,English,"<a href=""http://twitter.com/download/android"" rel=""nofollow"">Twitter for Android</a>",Retweet,,,0,3,15
1199967242756272128,"Mr. Raghavan is our 2nd Winner of the day! #DellTechDayInHCL 
@delltech @dellemc @hcltech @RodGardner4 @tonymccoy63 @JayBOD3 @RajeshJaney @shegeek_dell @Gordo_164 @kklive @tsingh4IT @Piyu2u2  @pillainithin @anandnswamy @TechnoGaurav @malhan_sachin @TabraizAmman @bhavyadellemc https://t.co/Jv9efDJHM4",Alok Yadav DellEMC,telalok,Thu Nov 28 08:24:19 +0000 2019,3,2,English,"<a href=""http://twitter.com/download/iphone"" rel=""nofollow"">Twitter for iPhone</a>",Tweet,Photo,https://pbs.twimg.com/media/EKcj1xRVUAAewps.jpg ,0,1,18
1199967335320150017,"Indeed full house as usual....#DellTechDayInHCL 
@delltech @dellemc @hcltech @telalok @RodGardner4 @tonymccoy63 @JayBOD3@RajeshJaney @Gordo_164 @kklive @tsingh4IT @Piyu2u2  @pillainithin @anandnswamy @isachinbawse @TechnoGaurav @malhan_sachin @TabraizAmman @bhavyadellemc",Alok Yadav DellEMC,telalok,Thu Nov 28 08:24:41 +0000 2019,0,3,English,"<a href=""http://twitter.com/download/iphone"" rel=""nofollow"">Twitter for iPhone</a>",Retweet,,,0,1,17
1199967348263796736,"#DellTechDayInHCL 
@delltech @dellemc @hcltech @telalok @RodGardner4 @tonymccoy63 @JayBOD3@kklive @tsingh4IT @Piyu2u2  @pillainithin @anandnswamy @isachinbawse @TechnoGaura@TabraizAmman @bhavyadellemc @NalinKmalick   Excellent Session on Dell Bhoomi from Tabrez https://t.co/YpwTrDmmat",Alok Yadav DellEMC,telalok,Thu Nov 28 08:24:44 +0000 2019,0,2,English,"<a href=""http://twitter.com/download/iphone"" rel=""nofollow"">Twitter for iPhone</a>",Retweet,Photo,https://pbs.twimg.com/media/EKcTpFjVAAACf6H.jpg https://pbs.twimg.com/media/EKcTpphUEAAsG1S.jpg ,0,1,13
1199967408368177152,"@TabraizAmman #DigitalTransformation powered by @boomi at #DellTechDayInHCL

@delltech  @dellemc @hcltech @telalok @RodGardner4 @tonymccoy63 @JayBOD3 @RajeshJaney @shegeek_dell @Gordo_164 @kklive @tsingh4IT @Piyu2u2  @anandnswamy @NalinKmalick 
   @1MandyDhaliwal @chrismcnabb1 https://t.co/cQxxpH7J7O",Alok Yadav DellEMC,telalok,Thu Nov 28 08:24:59 +0000 2019,0,2,English,"<a href=""http://twitter.com/download/iphone"" rel=""nofollow"">Twitter for iPhone</a>",Retweet,Photo,https://pbs.twimg.com/media/EKcQaqLU0AALPmi.jpg ,0,2,19
1199967609099149312,"#DellTechDayInHCL @GopalaraoGirish presenting partnership value in evolving changes marketplace
#DellTechDayInHCL 
@delltech @dellemc @hcltech @telalok @RodGardner4 @tonymccoy63 @JayBOD3 @RajeshJaney @shegeek_dell @Gordo_164 @kklive @tsingh4IT @Piyu2u2 @pillainithin @anandnswamy",Alok Yadav DellEMC,telalok,Thu Nov 28 08:25:46 +0000 2019,0,1,English,"<a href=""http://twitter.com/download/iphone"" rel=""nofollow"">Twitter for iPhone</a>",Retweet,,,0,2,16
1199967672475078656,"#DellTechDayInHCL #GirishGopalarao presenting partnership value in evolving changes marketplace
#DellTechDayInHCL 
@delltech @dellemc @hcltech @telalok @RodGardner4 @tonymccoy63 @JayBOD3 @RajeshJaney @shegeek_dell @Gordo_164 @kklive @tsingh4IT @Piyu2u2 @pillainithin @anandnswamy https://t.co/IvQ1FloPni",Alok Yadav DellEMC,telalok,Thu Nov 28 08:26:02 +0000 2019,0,1,English,"<a href=""http://twitter.com/download/iphone"" rel=""nofollow"">Twitter for iPhone</a>",Retweet,Photo,https://pbs.twimg.com/media/EKcCDTQU8AAsgE2.jpg https://pbs.twimg.com/media/EKcCEemUEAA0acr.jpg https://pbs.twimg.com/media/EKcCFzlU0AAhslg.jpg ,0,3,15
1199967858031132672,@telalok @hcltech @DellTech @DellEMC @BhavyaDellEMC @malhan_sachin @vermag1 @girish_na @shegeek_dell @Gordo_164 These Dell Tech days with @hcltech have been a real success and I am sure this one will be as well. Thanks @telalok @BhavyaDellEMC and team great opportunity to move the ball forward @anandnswamy,Alok Yadav DellEMC,telalok,Thu Nov 28 08:26:46 +0000 2019,0,2,English,"<a href=""http://twitter.com/download/iphone"" rel=""nofollow"">Twitter for iPhone</a>",Retweet,,,0,0,14
1199969662336790528,#DellTechDayinHCL providing deep knowledge on DellEMC products.,Sikki,sikindar_sr,Thu Nov 28 08:33:56 +0000 2019,2,1,English,"<a href=""http://twitter.com/download/android"" rel=""nofollow"">Twitter for Android</a>",Tweet,,,0,1,0
1199975004655325184,"@saravanadellemc covering @DellEMC file &amp; object storage portfolio. #DellTechDayInHCL 
@delltech @hcltech @RodGardner4 @tonymccoy63 @JayBOD3 @RajeshJaney @shegeek_dell @Gordo_164 @kklive @tsingh4IT @Piyu2u2 @anandnswamy @TechnoGaurav @malhan_sachin @bhavyadellemc @girish_na https://t.co/DfotNACtAj",Alok Yadav DellEMC,telalok,Thu Nov 28 08:55:10 +0000 2019,3,3,English,"<a href=""http://twitter.com/download/iphone"" rel=""nofollow"">Twitter for iPhone</a>",Tweet,Photo,https://pbs.twimg.com/media/EKcq5E9UwAApzdV.jpg ,0,1,18
1199975566176243712,"@saravanadellemc covering @DellEMC file &amp; object storage portfolio. #DellTechDayInHCL 
@delltech @hcltech @RodGardner4 @tonymccoy63 @JayBOD3 @RajeshJaney @shegeek_dell @Gordo_164 @kklive @tsingh4IT @Piyu2u2 @anandnswamy @TechnoGaurav @malhan_sachin @bhavyadellemc @girish_na https://t.co/DfotNACtAj",Alok Yadav DellEMC,telalok,Thu Nov 28 08:57:24 +0000 2019,0,3,English,"<a href=""http://twitter.com/download/iphone"" rel=""nofollow"">Twitter for iPhone</a>",Retweet,Photo,https://pbs.twimg.com/media/EKcq5E9UwAApzdV.jpg ,0,1,18
1199977288122720256,Kevin Corey delivering a #SDN masterclass to our @DellEMCSolCtrs  customers today in #limerick #dellemc @DellNetworking https://t.co/9JFhsQFq81,Mike Orth,HCIdiver,Thu Nov 28 09:04:14 +0000 2019,0,5,English,"<a href=""https://mobile.twitter.com"" rel=""nofollow"">Twitter Web App</a>",Retweet,Photo,https://pbs.twimg.com/media/EKYCKOLWkAAXl2z.jpg ,0,3,2
1199979333034528768,"Mr. Raghavan is our 2nd Winner of the day! #DellTechDayInHCL 
@delltech @dellemc @hcltech @RodGardner4 @tonymccoy63 @JayBOD3 @RajeshJaney @shegeek_dell @Gordo_164 @kklive @tsingh4IT @Piyu2u2  @pillainithin @anandnswamy @TechnoGaurav @malhan_sachin @TabraizAmman @bhavyadellemc https://t.co/Jv9efDJHM4",Tabraiz Amman,TabraizAmman,Thu Nov 28 09:12:22 +0000 2019,0,2,English,"<a href=""http://twitter.com/download/android"" rel=""nofollow"">Twitter for Android</a>",Retweet,Photo,https://pbs.twimg.com/media/EKcj1xRVUAAewps.jpg ,0,1,18
1199981316319563776,"@saravanadellemc covering @DellEMC file &amp; object storage portfolio. #DellTechDayInHCL 
@delltech @hcltech @RodGardner4 @tonymccoy63 @JayBOD3 @RajeshJaney @shegeek_dell @Gordo_164 @kklive @tsingh4IT @Piyu2u2 @anandnswamy @TechnoGaurav @malhan_sachin @bhavyadellemc @girish_na https://t.co/DfotNACtAj",sachin malhan,malhan_sachin,Thu Nov 28 09:20:15 +0000 2019,0,3,English,"<a href=""http://twitter.com/download/iphone"" rel=""nofollow"">Twitter for iPhone</a>",Retweet,Photo,https://pbs.twimg.com/media/EKcq5E9UwAApzdV.jpg ,0,1,18
1199981439028060160,"Tajinder in his elements explaining block storage trends &amp; @dellemc portfolio #DellTechDayInHCL 
@delltech @hcltech @RodGardner4 @tonymccoy63 @JayBOD3 @RajeshJaney @shegeek_dell @Gordo_164 @kklive @tsingh4IT @Piyu2u2 @anandnswamy @TechnoGaurav @bhavyadellemc @SaravanaDellemc https://t.co/cyVcm3yMxe",Alok Yadav DellEMC,telalok,Thu Nov 28 09:20:44 +0000 2019,8,3,English,"<a href=""http://twitter.com/download/iphone"" rel=""nofollow"">Twitter for iPhone</a>",Tweet,Photo,https://pbs.twimg.com/media/EKcwwJVU0AMU3X_.jpg ,0,1,16
1199981547161452544,"Tajinder in his elements explaining block storage trends &amp; @dellemc portfolio #DellTechDayInHCL 
@delltech @hcltech @RodGardner4 @tonymccoy63 @JayBOD3 @RajeshJaney @shegeek_dell @Gordo_164 @kklive @tsingh4IT @Piyu2u2 @anandnswamy @TechnoGaurav @bhavyadellemc @SaravanaDellemc https://t.co/cyVcm3yMxe",Alok Yadav DellEMC,telalok,Thu Nov 28 09:21:10 +0000 2019,0,3,English,"<a href=""http://twitter.com/download/iphone"" rel=""nofollow"">Twitter for iPhone</a>",Retweet,Photo,https://pbs.twimg.com/media/EKcwwJVU0AMU3X_.jpg ,0,1,16
1199984836661792768,Another #DellTechDayInHCL is here tomorrow at HCL Jigani campus! @hcltech folks in Bengaluru please join us for the day full of learning &amp; fun. Lots of prizes to win too!! @delltech @dellemc @BhavyaDellEMC @RodGardner4 @malhan_sachin @vermag1 @girish_na @shegeek_dell @Gordo_164,Jaspreet Singh,1980Jaspreet,Thu Nov 28 09:34:14 +0000 2019,0,3,English,"<a href=""http://twitter.com/download/android"" rel=""nofollow"">Twitter for Android</a>",Retweet,,,0,1,10
1199985510308954122,Another #DellTechDayInHCL is here tomorrow at HCL Jigani campus! @hcltech folks in Bengaluru please join us for the day full of learning &amp; fun. Lots of prizes to win too!! @delltech @dellemc @BhavyaDellEMC @RodGardner4 @malhan_sachin @vermag1 @girish_na @shegeek_dell @Gordo_164,Alok Yadav DellEMC,telalok,Thu Nov 28 09:36:54 +0000 2019,0,3,English,"<a href=""http://twitter.com/download/iphone"" rel=""nofollow"">Twitter for iPhone</a>",Retweet,,,0,1,10
1199986525477359616,"3rd &amp; 4th winners of the day Mr. Madhusudan &amp; Mr. Kushal, #DellTechDayInHCL 
@delltech @dellemc @hcltech @RodGardner4 @tonymccoy63 @JayBOD3 @RajeshJaney @shegeek_dell @Gordo_164 @kklive @tsingh4IT @Piyu2u2 @anandnswamy @isachinbawse @TechnoGaurav @bhavyadellemc @SaravanaDellEMC https://t.co/unSpYA6JMw",Alok Yadav DellEMC,telalok,Thu Nov 28 09:40:57 +0000 2019,6,3,English,"<a href=""http://twitter.com/download/iphone"" rel=""nofollow"">Twitter for iPhone</a>",Tweet,Photo,https://pbs.twimg.com/media/EKc1YF1UYAAfBNl.jpg https://pbs.twimg.com/media/EKc1YF3VAAAv-bT.jpg ,0,1,17
1199986629236027393,"3rd &amp; 4th winners of the day Mr. Madhusudan &amp; Mr. Kushal, #DellTechDayInHCL 
@delltech @dellemc @hcltech @RodGardner4 @tonymccoy63 @JayBOD3 @RajeshJaney @shegeek_dell @Gordo_164 @kklive @tsingh4IT @Piyu2u2 @anandnswamy @isachinbawse @TechnoGaurav @bhavyadellemc @SaravanaDellEMC https://t.co/unSpYA6JMw",Alok Yadav DellEMC,telalok,Thu Nov 28 09:41:21 +0000 2019,0,3,English,"<a href=""http://twitter.com/download/iphone"" rel=""nofollow"">Twitter for iPhone</a>",Retweet,Photo,https://pbs.twimg.com/media/EKc1YF1UYAAfBNl.jpg https://pbs.twimg.com/media/EKc1YF3VAAAv-bT.jpg ,0,1,17
1199986715001151488,@isachinbawse rocking on stage with #DPS pitch #DellTechDayInHCL @dellemc @hcltech @telalok @RodGardner4 @tonymccoy63 @JayBOD3 @RajeshJaney @shegeek_dell @Gordo_164 @kklive @tsingh4IT @Piyu2u2  @pillainithin @anandnswamy @TechnoGaurav @malhan_sachin @TabraizAmman  @NalinKmalick https://t.co/R4c9KHHudf,Alok Yadav DellEMC,telalok,Thu Nov 28 09:41:42 +0000 2019,0,1,English,"<a href=""http://twitter.com/download/iphone"" rel=""nofollow"">Twitter for iPhone</a>",Retweet,Photo,https://pbs.twimg.com/media/EKc1Ys-UUAAcZJY.jpg ,0,2,19
1199987839657631749,"@isachinbawse rocking with DPS portfolio #DellTechDayInHCL 
@delltech @dellemc @hcltech @telalok @RodGardner4 @tonymccoy63 @JayBOD3 @RajeshJaney @shegeek_dell @Gordo_164 @kklive @tsingh4IT @Piyu2u2 @pillainithin @anandnswamy @TechnoGaurav @malhan_sachin @bhavyadellemc",Alok Yadav DellEMC,telalok,Thu Nov 28 09:46:10 +0000 2019,2,1,English,"<a href=""http://twitter.com/download/iphone"" rel=""nofollow"">Twitter for iPhone</a>",Tweet,,,0,1,19
1199988237378498560,"Adam Lewis @Atos talks about partnerships @DellTech @DellEMC @DellEMCHealth, digital workspace, #HybridCloud #DellTechForum 

@DellTechForum @AtosCanopy  - the future of work : @AkwyZ @NeilMilliken @oracleopenworld @EliseQuevedo @sallyeaves @TomRaftery @FrRonconi @jblefevre60 https://t.co/2PkP68l1AD",Babatunde Ogebule,babs_oges,Thu Nov 28 09:47:45 +0000 2019,0,7,English,"<a href=""http://twitter.com/download/android"" rel=""nofollow"">Twitter for Android</a>",Retweet,Video,https://video.twimg.com/ext_tw_video/1199703463833280513/pu/pl/sjYJ6D4pVcexWOon.m3u8?tag=10 ,0,2,14
1199989044614184961,#DellEMCPowerOne workshop @DELLEMCSpain with a great audience! @DellEMC_CI https://t.co/mR7q0hhTUh,Iñigo Olcoz,virtualOlcoz,Thu Nov 28 09:50:57 +0000 2019,5,1,English,"<a href=""http://twitter.com/download/android"" rel=""nofollow"">Twitter for Android</a>",Tweet,Photo,https://pbs.twimg.com/media/EKc3p6CX0AEn8jY.jpg ,0,1,2
1199991266051649536,"Why Cloud and How we transform client environment, (DellEMC - vmware) - One Cloud Strategy #DellTechDayinHCL",Harpreet Kaur,Harpree94970714,Thu Nov 28 09:59:47 +0000 2019,0,4,English,"<a href=""http://twitter.com/download/android"" rel=""nofollow"">Twitter for Android</a>",Retweet,,,0,1,0
1199991933566779392,"#DellTechDayinHCL  you ask for a product and dellemc has them all, emc data protection with airgap ( cyber protection)",satish,gokale,Thu Nov 28 10:02:26 +0000 2019,2,2,English,"<a href=""http://twitter.com/download/android"" rel=""nofollow"">Twitter for Android</a>",Tweet,,,0,1,0
1199994046900588544,"@marialves53 @Esquilo Adam Lewis @Atos talks about partnerships @DellTech @DellEMC @DellEMCHealth, digital workspace, #HybridCloud #DellTechForum 

@DellTechForum @AtosCanopy  - the future of work : @AkwyZ @NeilMilliken @oracleopenworld @EliseQuevedo @sallyeaves @TomRaftery @FrRonconi @jblefevre60",Nihal Ert,nihalertugrul,Thu Nov 28 10:10:50 +0000 2019,0,0,English,"<a href=""http://twitter.com/download/android"" rel=""nofollow"">Twitter for Android</a>",Reply,,,0,2,16
1199998655782146049,"@TabraizAmman #DigitalTransformation powered by @boomi at #DellTechDayInHCL

@delltech  @dellemc @hcltech @telalok @RodGardner4 @tonymccoy63 @JayBOD3 @RajeshJaney @shegeek_dell @Gordo_164 @kklive @tsingh4IT @Piyu2u2  @anandnswamy @NalinKmalick 
   @1MandyDhaliwal @chrismcnabb1 https://t.co/cQxxpH7J7O",PivotCloudSolutions,pivotcloud,Thu Nov 28 10:29:09 +0000 2019,0,2,English,"<a href=""http://www.pivotcloudsolutions.com"" rel=""nofollow"">PCStwitterApp</a>",Retweet,Photo,https://pbs.twimg.com/media/EKcQaqLU0AALPmi.jpg ,0,2,19
1200002577854869506,#DellEMCPowerOne workshop @DELLEMCSpain with a great audience! @DellEMC_CI https://t.co/mR7q0hhTUh,LauraMarSe,Laura_MarSe,Thu Nov 28 10:44:44 +0000 2019,0,1,English,"<a href=""http://twitter.com/download/iphone"" rel=""nofollow"">Twitter for iPhone</a>",Retweet,Photo,https://pbs.twimg.com/media/EKc3p6CX0AEn8jY.jpg ,0,1,2
1200006481761816576,"@NalinKmalick sharing Vmworld updates &amp; #vmware portfolio 
#DellTechDayInHCL 
@delltech @dellemc @hcltech @telalok @RodGardner4 @tonymccoy63 @JayBOD3 @RajeshJaney @shegeek_dell @Gordo_164 @kklive @tsingh4IT @Piyu2u2  @pillainithin @anandnswamy @TechnoGaurav @bhavyadellemc https://t.co/0E45Xr8IY9",Alok Yadav DellEMC,telalok,Thu Nov 28 11:00:14 +0000 2019,3,1,English,"<a href=""http://twitter.com/download/iphone"" rel=""nofollow"">Twitter for iPhone</a>",Tweet,Photo,https://pbs.twimg.com/media/EKdHhxEU0AAHrMG.jpg ,0,2,18
1200007495973867521,"Mr. Ranapratap Rai is our last winner of the day. #DellTechDayInHCL 
@delltech @dellemc @hcltech @RodGardner4 @tonymccoy63 @JayBOD3 @RajeshJaney @shegeek_dell @Gordo_164 @kklive @tsingh4IT @Piyu2u2  @pillainithin @anandnswamy @TechnoGaurav @bhavyadellemc @NalinKmalick #VMware https://t.co/gSh28DrLH1",Alok Yadav DellEMC,telalok,Thu Nov 28 11:04:16 +0000 2019,4,2,English,"<a href=""http://twitter.com/download/iphone"" rel=""nofollow"">Twitter for iPhone</a>",Tweet,Photo,https://pbs.twimg.com/media/EKdIcRAVAAI7Buq.jpg ,0,2,17
1200009131467296769,"Mr. Ranapratap Rai is our last winner of the day. #DellTechDayInHCL 
@delltech @dellemc @hcltech @RodGardner4 @tonymccoy63 @JayBOD3 @RajeshJaney @shegeek_dell @Gordo_164 @kklive @tsingh4IT @Piyu2u2  @pillainithin @anandnswamy @TechnoGaurav @bhavyadellemc @NalinKmalick #VMware https://t.co/gSh28DrLH1",Nalin Kumar,NalinKmalick,Thu Nov 28 11:10:46 +0000 2019,0,2,English,"<a href=""http://twitter.com/download/android"" rel=""nofollow"">Twitter for Android</a>",Retweet,Photo,https://pbs.twimg.com/media/EKdIcRAVAAI7Buq.jpg ,0,2,17
1200009699686354946,"DellEMC &amp; Hcl Collaboration, Innovation Patterns, Key Sessions by Leaders Make Innovation real #delltechdayinhcl",Alok Yadav DellEMC,telalok,Thu Nov 28 11:13:02 +0000 2019,0,4,English,"<a href=""http://twitter.com/download/iphone"" rel=""nofollow"">Twitter for iPhone</a>",Retweet,,,0,1,0
1200009856343654401,"Wrap Session - Gaurav and Sriram, thank you DellEMC, day well spent #DellTechDayinHCL https://t.co/yZ5ljFxWuf",Vivek Madan,VivekMadan7,Thu Nov 28 11:13:39 +0000 2019,5,1,English,"<a href=""http://twitter.com/download/android"" rel=""nofollow"">Twitter for Android</a>",Tweet,Photo,https://pbs.twimg.com/media/EKdKl_lUcAAWGO0.jpg ,0,1,0
1200031452089290752,"#DellTechDayinHCL  you ask for a product and dellemc has them all, emc data protection with airgap ( cyber protection)",Alok Yadav DellEMC,telalok,Thu Nov 28 12:39:28 +0000 2019,0,2,English,"<a href=""http://twitter.com/download/iphone"" rel=""nofollow"">Twitter for iPhone</a>",Retweet,,,0,1,0
1200050550345228288,"Another work finished, another happy customer, fully equiped with @ubnt #UNIFI, @DellEMC Power Edge R240, @Sonos and @CyberPowerInfo . Everything centrally managed and monitored by @nettaniaoffice https://t.co/9QfLl5K0Wj",Nettania IT-Consulting,nettaniaoffice,Thu Nov 28 13:55:21 +0000 2019,0,0,English,"<a href=""https://about.twitter.com/products/tweetdeck"" rel=""nofollow"">TweetDeck</a>",Tweet,Photo,https://pbs.twimg.com/media/EKduQqOWsAA1fB8.jpg ,0,1,5
1200066440864227329,"@NalinKmalick crushing with @VMware @pivotal #containers and #Virtualization  value at
#DellTechDayInHCL @dellemc @hcltech @telalok @RodGardner4 @tonymccoy63 @JayBOD3 @RajeshJaney @shegeek_dell @Gordo_164 @kklive @tsingh4IT @Piyu2u2 @pillainithin @anandnswamy @TechnoGaurav https://t.co/4aTC0ntiJ0",Alok Yadav DellEMC,telalok,Thu Nov 28 14:58:30 +0000 2019,0,1,English,"<a href=""http://twitter.com/download/iphone"" rel=""nofollow"">Twitter for iPhone</a>",Retweet,Photo,https://pbs.twimg.com/media/EKdBPVkUEAAKC9I.jpg ,0,3,18
1200091381919862787,"From all of us @DellEMC and with great gratitude, we thank all of our global customers and partners for your business! #HappyThanksgiving  #DellTech https://t.co/0ahgXDKsMk",Andrew Murrey,indylinux,Thu Nov 28 16:37:36 +0000 2019,0,1,English,"<a href=""http://twitter.com/download/iphone"" rel=""nofollow"">Twitter for iPhone</a>",Retweet,Photo,https://pbs.twimg.com/media/EKeUWTUXUAElDwp.jpg ,0,2,1
1200097411189891072,"These are the businesses around Ireland that have been nominated in the Clean Coasts #OceanHero Business of the Year category. Let's meet them: @GalwayAquarium @DellEMC  and Island View Riding Stables.
Well done everybody for being nominated!
#CleanCoasts #Ireland https://t.co/bqhSDlWF8q",Clean Coasts,CleanCoasts,Thu Nov 28 17:01:34 +0000 2019,6,3,English,"<a href=""https://www.hootsuite.com"" rel=""nofollow"">Hootsuite Inc.</a>",Tweet,Photo,https://pbs.twimg.com/media/EKeaOzEXkAEtmHY.jpg https://pbs.twimg.com/media/EKeaOr4W4AA_CDr.jpg https://pbs.twimg.com/media/EKeaOsZWsAU88GD.jpg ,0,3,2
1200099549743849474,"These are the businesses around Ireland that have been nominated in the Clean Coasts #OceanHero Business of the Year category. Let's meet them: @GalwayAquarium @DellEMC  and Island View Riding Stables.
Well done everybody for being nominated!
#CleanCoasts #Ireland https://t.co/bqhSDlWF8q",CatherineE_Barrett,Catherinee_Bar,Thu Nov 28 17:10:04 +0000 2019,0,3,English,"<a href=""http://twitter.com/download/iphone"" rel=""nofollow"">Twitter for iPhone</a>",Retweet,Photo,https://pbs.twimg.com/media/EKeaOzEXkAEtmHY.jpg https://pbs.twimg.com/media/EKeaOr4W4AA_CDr.jpg https://pbs.twimg.com/media/EKeaOsZWsAU88GD.jpg ,0,3,2
1200109615461097472,"These are the businesses around Ireland that have been nominated in the Clean Coasts #OceanHero Business of the Year category. Let's meet them: @GalwayAquarium @DellEMC  and Island View Riding Stables.
Well done everybody for being nominated!
#CleanCoasts #Ireland https://t.co/bqhSDlWF8q",Irish OL Network,IOLNetwork,Thu Nov 28 17:50:03 +0000 2019,0,3,English,"<a href=""http://twitter.com/download/iphone"" rel=""nofollow"">Twitter for iPhone</a>",Retweet,Photo,https://pbs.twimg.com/media/EKeaOzEXkAEtmHY.jpg https://pbs.twimg.com/media/EKeaOr4W4AA_CDr.jpg https://pbs.twimg.com/media/EKeaOsZWsAU88GD.jpg ,0,3,2
1200111545239236608,"Indeed full house as usual....#DellTechDayInHCL 
@delltech @dellemc @hcltech @telalok @RodGardner4 @tonymccoy63 @JayBOD3@RajeshJaney @Gordo_164 @kklive @tsingh4IT @Piyu2u2  @pillainithin @anandnswamy @isachinbawse @TechnoGaurav @malhan_sachin @TabraizAmman @bhavyadellemc",Jaspreet Singh,1980Jaspreet,Thu Nov 28 17:57:44 +0000 2019,0,3,English,"<a href=""http://twitter.com/download/android"" rel=""nofollow"">Twitter for Android</a>",Retweet,,,0,1,17
1200112406250307586,"3rd &amp; 4th winners of the day Mr. Madhusudan &amp; Mr. Kushal, #DellTechDayInHCL 
@delltech @dellemc @hcltech @RodGardner4 @tonymccoy63 @JayBOD3 @RajeshJaney @shegeek_dell @Gordo_164 @kklive @tsingh4IT @Piyu2u2 @anandnswamy @isachinbawse @TechnoGaurav @bhavyadellemc @SaravanaDellEMC https://t.co/unSpYA6JMw",Jaspreet Singh,1980Jaspreet,Thu Nov 28 18:01:09 +0000 2019,0,3,English,"<a href=""http://twitter.com/download/android"" rel=""nofollow"">Twitter for Android</a>",Retweet,Photo,https://pbs.twimg.com/media/EKc1YF1UYAAfBNl.jpg https://pbs.twimg.com/media/EKc1YF3VAAAv-bT.jpg ,0,1,17
1200112584478744577,"Tajinder in his elements explaining block storage trends &amp; @dellemc portfolio #DellTechDayInHCL 
@delltech @hcltech @RodGardner4 @tonymccoy63 @JayBOD3 @RajeshJaney @shegeek_dell @Gordo_164 @kklive @tsingh4IT @Piyu2u2 @anandnswamy @TechnoGaurav @bhavyadellemc @SaravanaDellemc https://t.co/cyVcm3yMxe",Jaspreet Singh,1980Jaspreet,Thu Nov 28 18:01:51 +0000 2019,0,3,English,"<a href=""http://twitter.com/download/android"" rel=""nofollow"">Twitter for Android</a>",Retweet,Photo,https://pbs.twimg.com/media/EKcwwJVU0AMU3X_.jpg ,0,1,16
1200113995824410624,"Thankful for our community of talented, innovative and creative techies! https://t.co/RV7OqRr7pK",Veronique Grunler,VGrunler,Thu Nov 28 18:07:28 +0000 2019,0,6,English,"<a href=""http://twitter.com/download/android"" rel=""nofollow"">Twitter for Android</a>",Retweet,Video,https://video.twimg.com/ext_tw_video/1200113880724385793/pu/vid/480x480/4xHQjOLfDku2N_Nx.mp4?tag=10 ,0,0,0
1200114124799258626,"@reInventParties @Presidio @intel @rubrik @DellEMC This one has shown sold out since it was added to the site, it's even sold out on your screenshot. I suppose they were going for exclusive...",literally shaking,harvestgain,Thu Nov 28 18:07:59 +0000 2019,0,0,English,"<a href=""http://twitter.com/download/android"" rel=""nofollow"">Twitter for Android</a>",Reply,,,0,0,5
1200115028701122560,"Thankful for our community of talented, innovative and creative techies! https://t.co/RV7OqRr7pK","P.K.,Yegonn.",KingPyegonn,Thu Nov 28 18:11:34 +0000 2019,0,6,English,"<a href=""http://twitter.com/download/android"" rel=""nofollow"">Twitter for Android</a>",Retweet,Video,https://video.twimg.com/ext_tw_video/1200113880724385793/pu/vid/480x480/4xHQjOLfDku2N_Nx.mp4?tag=10 ,0,0,0
1200135976187772928,"These are the businesses around Ireland that have been nominated in the Clean Coasts #OceanHero Business of the Year category. Let's meet them: @GalwayAquarium @DellEMC  and Island View Riding Stables.
Well done everybody for being nominated!
#CleanCoasts #Ireland https://t.co/bqhSDlWF8q",Seastainability,Sea_stainable,Thu Nov 28 19:34:48 +0000 2019,0,3,English,"<a href=""http://twitter.com/download/iphone"" rel=""nofollow"">Twitter for iPhone</a>",Retweet,Photo,https://pbs.twimg.com/media/EKeaOzEXkAEtmHY.jpg https://pbs.twimg.com/media/EKeaOr4W4AA_CDr.jpg https://pbs.twimg.com/media/EKeaOsZWsAU88GD.jpg ,0,3,2
1200164244408414209,@harvestgain @Presidio @intel @rubrik @DellEMC Yep. This one randomly switched from sold out to register for a long time. Decided to just leave it in hopes that more folks would get a chance to join the fun!,re:Invent Parties,reInventParties,Thu Nov 28 21:27:08 +0000 2019,0,0,English,"<a href=""http://twitter.com/download/iphone"" rel=""nofollow"">Twitter for iPhone</a>",Reply,,,0,0,5
1200164985378418707,"@DellEMC just wanted to say y’all can go fuck yourself for having Black Friday sales on a Thursday. Are you retarded? Black Friday is for Friday, you dumb cunts.",ChrisE,bostonchris617,Thu Nov 28 21:30:05 +0000 2019,0,0,English,"<a href=""http://twitter.com/download/iphone"" rel=""nofollow"">Twitter for iPhone</a>",Tweet,,,0,0,1
1200166061263507456,"@reInventParties @Presidio @intel @rubrik @DellEMC Good strategy. The star wars vr party was sold out for a while but they opened it back up and I got in! Thanks for the website, planning re:Invent would be rough without it!",literally shaking,harvestgain,Thu Nov 28 21:34:21 +0000 2019,1,0,English,"<a href=""http://twitter.com/download/android"" rel=""nofollow"">Twitter for Android</a>",Reply,,,0,0,5
1200176675721342978,"Thankful for our community of talented, innovative and creative techies! https://t.co/RV7OqRr7pK",Charlotte Rogacion-Francisco,carogacion,Thu Nov 28 22:16:32 +0000 2019,0,6,English,"<a href=""http://twitter.com/download/android"" rel=""nofollow"">Twitter for Android</a>",Retweet,Video,https://video.twimg.com/ext_tw_video/1200113880724385793/pu/vid/480x480/4xHQjOLfDku2N_Nx.mp4?tag=10 ,0,0,0
1200192891475415040,@DellEMC #millionmakers @PrincesTrust #charity evening @TheSavoyLondon with the @VMware #UK&amp;I Team - #techindustry @wwt_inc @intel @MSFTBusinessUK @DellTech coming together for a great cause and event https://t.co/61CCkwEC8L,Ricky Cooper,RickyCoop,Thu Nov 28 23:20:58 +0000 2019,14,2,English,"<a href=""http://twitter.com/download/iphone"" rel=""nofollow"">Twitter for iPhone</a>",Tweet,Photo,https://pbs.twimg.com/media/EKfxD_GXYAAt7PQ.jpg https://pbs.twimg.com/media/EKfxD_CW4AAzthv.jpg ,0,4,8
1200193303293116416,@DellEMC #millionmakers @PrincesTrust #charity evening @TheSavoyLondon with the @VMware #UK&amp;I Team - #techindustry @wwt_inc @intel @MSFTBusinessUK @DellTech coming together for a great cause and event https://t.co/61CCkwEC8L,Ricky ©ooper,Ricalino92,Thu Nov 28 23:22:36 +0000 2019,0,2,English,"<a href=""http://twitter.com/download/iphone"" rel=""nofollow"">Twitter for iPhone</a>",Retweet,Photo,https://pbs.twimg.com/media/EKfxD_GXYAAt7PQ.jpg https://pbs.twimg.com/media/EKfxD_CW4AAzthv.jpg ,0,4,8
1200210281458216963,@DellEMC #millionmakers @PrincesTrust #charity evening @TheSavoyLondon with the @VMware #UK&amp;I Team - #techindustry @wwt_inc @intel @MSFTBusinessUK @DellTech coming together for a great cause and event https://t.co/61CCkwEC8L,Horse and Hoof,horseandhoof,Fri Nov 29 00:30:04 +0000 2019,0,2,English,"<a href=""http://twitter.com/#!/download/ipad"" rel=""nofollow"">Twitter for iPad</a>",Retweet,Photo,https://pbs.twimg.com/media/EKfxD_GXYAAt7PQ.jpg https://pbs.twimg.com/media/EKfxD_CW4AAzthv.jpg ,0,4,8
1200266094235267079,@manuLrios @CareersAtDell @DalhiaRodriguez @DellPanama @Dell @DellTech @DellEMC @DellEMCLatam @DellAyudaPRO @DellAyuda Wow... a time travel post.. 👍🏾 https://t.co/7GQtiM5Ecg,Herlinda Smith,ThisisHerlinda,Fri Nov 29 04:11:51 +0000 2019,1,0,English,"<a href=""http://twitter.com/download/android"" rel=""nofollow"">Twitter for Android</a>",Reply,Photo,https://pbs.twimg.com/media/EKgzpbzWsAAc3Bm.jpg ,0,0,10
1200266207166906369,"Thankful for our community of talented, innovative and creative techies! https://t.co/RV7OqRr7pK",Absurd,qualityisarul3,Fri Nov 29 04:12:18 +0000 2019,0,6,English,"<a href=""http://twitter.com/download/android"" rel=""nofollow"">Twitter for Android</a>",Retweet,Video,https://video.twimg.com/ext_tw_video/1200113880724385793/pu/vid/480x480/4xHQjOLfDku2N_Nx.mp4?tag=10 ,0,0,0
1200291993080881152,"Thankful for our community of talented, innovative and creative techies! https://t.co/RV7OqRr7pK",Prem @DellEMC,ozprem,Fri Nov 29 05:54:46 +0000 2019,0,6,English,"<a href=""http://twitter.com/download/iphone"" rel=""nofollow"">Twitter for iPhone</a>",Retweet,Video,https://video.twimg.com/ext_tw_video/1200113880724385793/pu/vid/480x480/4xHQjOLfDku2N_Nx.mp4?tag=10 ,0,0,0
1200308662771818496,Merci  🇫🇷#PSSTeam #dellemc #cairo. Thanks for everything you do for our #dellpresales team @BGrubelnig @bertiestrong https://t.co/urWonT4k40,Rahmani Cherchari,Rahm_C,Fri Nov 29 07:01:00 +0000 2019,26,0,English,"<a href=""http://twitter.com/download/android"" rel=""nofollow"">Twitter for Android</a>",Tweet,Photo,https://pbs.twimg.com/media/EKhaVeoWwAA7g7Q.jpg ,0,4,2
1200311970869731328,#Nashville #Technology #DellNashville  RT @Rahm_C: Merci  🇫🇷#PSSTeam #dellemc #cairo. Thanks for everything you do for our #dellpresales team @BGrubelnig @bertiestrong https://t.co/uK0G3pwPvW,BowmanDatacenter,BowmanDatacent1,Fri Nov 29 07:14:09 +0000 2019,1,0,English,"<a href=""http://nowebsite.xxx"" rel=""nofollow"">Re-tweeterbot</a>",Tweet,Photo,https://pbs.twimg.com/media/EKhaVeoWwAA7g7Q.jpg ,0,7,3
1200347000195170304,@GhassanKosta @DellEMC @DellEMCMEA @DellTech Super Cool!,Dinko Eror,DinkoEror,Fri Nov 29 09:33:20 +0000 2019,1,0,English,"<a href=""http://twitter.com/download/iphone"" rel=""nofollow"">Twitter for iPhone</a>",Reply,,,0,0,4
1200350329080090624,Here comes the #SCOS 7.4 goodness ... #DELLEMC #SCSeries #Compellent #HyperV #MVPBuzz https://t.co/AEgolsUZ2T,WorkingHardInIT,WorkingHardInIT,Fri Nov 29 09:46:34 +0000 2019,1,0,English,"<a href=""https://mobile.twitter.com"" rel=""nofollow"">Twitter Web App</a>",Tweet,Photo,https://pbs.twimg.com/media/EKiAQwJXkAE6vDn.png ,0,6,0
1200357329553809408,#Nashville #Technology #DellNashville  RT @WorkingHardInIT: Here comes the #SCOS 7.4 goodness ... #DELLEMC #SCSeries #Compellent #HyperV #MVPBuzz https://t.co/om7QnKQo5o,BowmanDatacenter,BowmanDatacent1,Fri Nov 29 10:14:23 +0000 2019,0,0,English,"<a href=""http://nowebsite.xxx"" rel=""nofollow"">Re-tweeterbot</a>",Tweet,Photo,https://pbs.twimg.com/media/EKiAQwJXkAE6vDn.png ,0,9,1
1200370247708160001,"@DellEMC 02-07: receives 6bn USD from @Intel

Dell 2018: ""don't expect many @AMD chips in our products""

Dell 2019: ""[...]finally Intel CPU shortages have worsened quarter-over-quarter the shortages are now impacting our [...] PC Q4 forecasted shipments.""",ɴɪᴄʜᴛʀɪᴄᴋ,ichbinnichtrick,Fri Nov 29 11:05:43 +0000 2019,0,0,English,"<a href=""https://mobile.twitter.com"" rel=""nofollow"">Twitter Web App</a>",Tweet,,,0,0,3
1200371136237834240,@ThomasM_DellEMC Unfortunately if you want the chance to remain in the EU you don't have a valid alternative to lead the country. British Politics is a mess and the best of a very bad bunch will win and take the UK out.,Chris Harrison,HarrisonChrisJ,Fri Nov 29 11:09:15 +0000 2019,0,0,English,"<a href=""https://mobile.twitter.com"" rel=""nofollow"">Twitter Web App</a>",Reply,,,0,0,1
1200372942690869248,"@GhassanKosta @DellEMC @DellEMCMEA @DellTech True dell technologies Family , this office is one of a kind.",Tarique abu elhassan,t_abuelhassan,Fri Nov 29 11:16:26 +0000 2019,1,0,English,"<a href=""http://twitter.com/download/iphone"" rel=""nofollow"">Twitter for iPhone</a>",Reply,,,0,0,4
1200382817772998656,@ThisisHerlinda @CareersAtDell @DalhiaRodriguez @DellPanama @Dell @DellTech @DellEMC @DellEMCLatam @DellAyudaPRO @DellAyuda You got it 😂 https://t.co/YCBCsNR6bj,Manuel Ríos 🇵🇦🇨🇴,manuLrios,Fri Nov 29 11:55:40 +0000 2019,1,0,English,"<a href=""http://twitter.com/download/android"" rel=""nofollow"">Twitter for Android</a>",Reply,GIF,https://video.twimg.com/tweet_video/EKidznpWwAAPVBr.mp4 ,0,0,10
1200432461307473921,"UK CSB Team from Hyderabad is all set for the Black Friday.

@aislingkeegan2 @MichaelDell @Neelesh62230102 @nuniwagner @DellTech @Dell 

#CSBEThePlace2B #IWork4DELL #DellEMC https://t.co/QiUq03z1Vw",Hemanth Sai Kaka,kakahemanth,Fri Nov 29 15:12:56 +0000 2019,6,0,English,"<a href=""http://twitter.com/download/android"" rel=""nofollow"">Twitter for Android</a>",Tweet,Photo,https://pbs.twimg.com/media/EKjK8mcUYAQyI5m.jpg ,0,3,6
1200441311364435968,"#FlashbackFriday to when our Director of Strategic Partners @jimfarman participated on @DellEMC's #DellTechHeroes events in #NYC, #Denver and #Chicago! We had a great time speaking about our partnership! #CloudSecurity https://t.co/aGh5qpOyda",Caveonix,caveonix,Fri Nov 29 15:48:06 +0000 2019,2,1,English,"<a href=""https://sproutsocial.com"" rel=""nofollow"">Sprout Social</a>",Tweet,Photo,https://pbs.twimg.com/media/EKjTAfTXkAICl84.jpg https://pbs.twimg.com/media/EKjTAnsWwAYBcgH.jpg ,0,6,2
1200441483922411520,"#FlashbackFriday to when our Director of Strategic Partners @jimfarman participated on @DellEMC's #DellTechHeroes events in #NYC, #Denver and #Chicago! We had a great time speaking about our partnership! #CloudSecurity https://t.co/aGh5qpOyda",Spark Radio - Chicago,spark_radio_CHI,Fri Nov 29 15:48:47 +0000 2019,0,1,English,"<a href=""https://www.malliard.com/"" rel=""nofollow"">Watch Malliard</a>",Retweet,Photo,https://pbs.twimg.com/media/EKjTAfTXkAICl84.jpg https://pbs.twimg.com/media/EKjTAnsWwAYBcgH.jpg ,0,6,2
1200463259893153792,"Check out: Webinar: Building a New Generation of Composable, Intelligent, and Automated Edge Platforms #2019 #baremetal #cloud #datacenter #dellemc #edgecomputing #managedservices #sponsored #webinarhttps://sdx.io/R1JW",SDxCentral,sdxcentral,Fri Nov 29 17:15:19 +0000 2019,0,1,English,"<a href=""https://buffer.com"" rel=""nofollow"">Buffer</a>",Tweet,,,0,7,0
1200471595137093633,"Check out: Webinar: Building a New Generation of Composable, Intelligent, and Automated Edge Platforms #2019 #baremetal #cloud #datacenter #dellemc #edgecomputing #managedservices #sponsored #webinarhttps://sdx.io/R1JW",Intelligent Edge,EdgeIotAi,Fri Nov 29 17:48:26 +0000 2019,0,1,English,"<a href=""https://iotdatafusion.com"" rel=""nofollow"">Intelligent Edge Iot and AI Bot</a>",Retweet,,,0,7,0
1200579971539881984,"... congrats to my @DellEMC colleagues!  Gained share across the board, huge gains in storage in a tough market where others are wilting under the pressure. Not surprised to see build-to-buy continuum to keep shifting + the little love-child “engine that could” #VxRail kick butt!",Perry Delaney,Pesdel01,Sat Nov 30 00:59:05 +0000 2019,0,9,English,"<a href=""http://twitter.com/download/iphone"" rel=""nofollow"">Twitter for iPhone</a>",Retweet,,,0,1,1
1200608591184584704,"badidea 💫: SE Manager UKI DPS for DellEMC, Manager, Public speaker",L0ra,yuckf001,Sat Nov 30 02:52:49 +0000 2019,0,0,English,"<a href=""https://castigliola.com"" rel=""nofollow"">Angelo Castigliola</a>",Tweet,,,0,0,0
1200800059799027713,"Ready for #reinvent @vmwarecode #dell IOT experience at the Aria. Running #Kubernetes on Dell Edge Gateway 5000’s and collecting Raspberry Pi sensor data for Pod apps. SUPER COOL gear, out of the box.  Free sensor give aways for all.  Unboxing today!  @DellEMC @vmware https://t.co/mR4HMaGr9M",Americo Perez jr,aperez_jr,Sat Nov 30 15:33:38 +0000 2019,0,15,English,"<a href=""http://twitter.com/download/iphone"" rel=""nofollow"">Twitter for iPhone</a>",Retweet,Photo,https://pbs.twimg.com/media/EJ7eD4vUUAAuoer.jpg https://pbs.twimg.com/media/EJ7eD4wU0AE_jkY.jpg https://pbs.twimg.com/media/EJ7eD41UYAIOeqD.jpg https://pbs.twimg.com/media/EJ7eD4tUYAAPsHi.jpg ,0,3,3
1200802921417449478,@MichielKlaver @Vampira666_ I work at @DellEMC This NOT how we do it.  We have a lot less color in our cables. @DellTech @DellEMCServices,Chris Coy,chriscoytx,Sat Nov 30 15:45:00 +0000 2019,2,0,English,"<a href=""http://twitter.com/download/iphone"" rel=""nofollow"">Twitter for iPhone</a>",Reply,,,0,0,5
1200873008430112768,@DellEMC congratulations!,dez blanchfield,dez_blanchfield,Sat Nov 30 20:23:31 +0000 2019,0,0,English,"<a href=""https://social.zoho.com"" rel=""nofollow"">Zoho Social</a>",Reply,,,0,0,1
1200892598652719105,@dcominottim @johncmiller96 Depends on which rumours.  @AMD’s velocity with @DellEMC Servers is incredible.  I don’t spend a lot of time on consumer,Dave Graham,davegraham,Sat Nov 30 21:41:21 +0000 2019,2,0,English,"<a href=""http://twitter.com/download/iphone"" rel=""nofollow"">Twitter for iPhone</a>",Reply,,,0,0,4
1200892760158552064,@davegraham @dcominottim @AMD @DellEMC I'm thinking particularly at the mobile segment.,John C. Miller,johncmiller96,Sat Nov 30 21:42:00 +0000 2019,0,0,English,"<a href=""https://mobile.twitter.com"" rel=""nofollow"">Twitter Web App</a>",Reply,,,0,0,4
1200893083078008834,"@johncmiller96 @dcominottim @AMD @DellEMC Ah. I don’t look into that biz.  Ryzen based laptops are available from us.  Don’t know the sales trajectory though.  As always, think of demand begetting development and production",Dave Graham,davegraham,Sat Nov 30 21:43:17 +0000 2019,2,0,English,"<a href=""http://twitter.com/download/iphone"" rel=""nofollow"">Twitter for iPhone</a>",Reply,,,0,0,4
1200893582351179776,"@davegraham @dcominottim @AMD @DellEMC AMD is still behind Intel in mobile, so I could see that point of revenue loss if demand is not being met.",John C. Miller,johncmiller96,Sat Nov 30 21:45:16 +0000 2019,1,0,English,"<a href=""https://mobile.twitter.com"" rel=""nofollow"">Twitter Web App</a>",Reply,,,0,0,4
1201007172441628672,"11:15 CST Saturday evening and @dellemc has nobody available that can troubleshoot PowerVault/MD storage....""everyone is on vacation"".  Niiiiiiiice.",Neal Dolson,ndolson816,Sun Dec 01 05:16:38 +0000 2019,0,0,English,"<a href=""https://mobile.twitter.com"" rel=""nofollow"">Twitter Web App</a>",Tweet,,,0,0,1
1201007381317996544,@DellEMC Bet I'd get the same fantastic service I always do out of @nutanix right now 👀,Neal Dolson,ndolson816,Sun Dec 01 05:17:28 +0000 2019,2,0,English,"<a href=""https://mobile.twitter.com"" rel=""nofollow"">Twitter Web App</a>",Reply,,,0,0,2
1201098837122854912,On my way to the #UKISUG conference in Birmingham 🇬🇧... Visit us at our #DellTechnologies booth #DellEMC to talk about #SAP ... we know how to support you in your S/4HANA migration and are able to support you from EDGE to CORE to CLOUD - let’s take off 🛫 https://t.co/8LcFeHnS2U,Kurt Roedszus,KurtRoedszus,Sun Dec 01 11:20:52 +0000 2019,3,0,English,"<a href=""http://twitter.com/download/iphone"" rel=""nofollow"">Twitter for iPhone</a>",Tweet,Photo,https://pbs.twimg.com/media/EKspBeMWoAA5IRA.jpg ,0,4,0
1201120110305579015,@segundoatdell @Carlossainz55 @LandoNorris @DellTech @McLarenF1 @McLarenFamily @DellEMC @Dell @SimonGBrooks @f1mclarenfan @BDaw50n @DellEMCStorage Always #BelieveInMcLaren 💪💪🧡,James😊,Jamesbmclaren,Sun Dec 01 12:45:24 +0000 2019,2,0,English,"<a href=""http://twitter.com/download/android"" rel=""nofollow"">Twitter for Android</a>",Reply,,,0,1,12
1201120725073088513,"@segundoatdell @Carlossainz55 @LandoNorris @DellTech @McLarenF1 @McLarenFamily @DellEMC @Dell @f1mclarenfan @Jamesbmclaren @BDaw50n @DellEMCStorage Proud as always, go get those points team! Enjoy the race everyone 🙌🏻 #FansLikeNoOther 
#FearlesslyForward 🧡💙 https://t.co/rJA0ij2GOn",Simon Brooks,SimonGBrooks,Sun Dec 01 12:47:51 +0000 2019,2,0,English,"<a href=""http://twitter.com/download/iphone"" rel=""nofollow"">Twitter for iPhone</a>",Reply,Photo,https://pbs.twimg.com/media/EKs87d-XUAAPsk_.jpg ,0,2,12
1201120933588717570,@segundoatdell @Jamesbmclaren @Carlossainz55 @LandoNorris @DellTech @McLarenF1 @McLarenFamily @DellEMC @Dell @SimonGBrooks @f1mclarenfan @BDaw50n @DellEMCStorage So proud 👊🏻👏🏻,Steve Lowe,LoweyForSure,Sun Dec 01 12:48:40 +0000 2019,2,0,English,"<a href=""http://twitter.com/download/iphone"" rel=""nofollow"">Twitter for iPhone</a>",Reply,,,0,0,13
1201126935633506304,@f1mclarenfan @segundoatdell @Carlossainz55 @LandoNorris @DellTech @McLarenF1 @McLarenFamily @DellEMC @Dell @SimonGBrooks @BDaw50n @DellEMCStorage Nice,James😊,Jamesbmclaren,Sun Dec 01 13:12:31 +0000 2019,2,0,English,"<a href=""http://twitter.com/download/android"" rel=""nofollow"">Twitter for Android</a>",Reply,,,0,0,12
1201145720969007104,"Prof Hugo Spiers: SE Manager UKI DPS for DellEMC, Manager, Public speaker",L0ra,yuckf001,Sun Dec 01 14:27:10 +0000 2019,0,0,English,"<a href=""https://castigliola.com"" rel=""nofollow"">Angelo Castigliola</a>",Tweet,,,0,0,0
1201181787432587265,"@DellEMC_CI Seeing how Dell liked my Money, it would be nice to get some help before the next Millenia..... Dell doesn't Love me I guess because this customer called them out for the Flawed product &amp; Support they gave me???? https://t.co/JbYm90Ci83",Robert,MrMacDonald7,Sun Dec 01 16:50:29 +0000 2019,0,0,English,"<a href=""https://mobile.twitter.com"" rel=""nofollow"">Twitter Web App</a>",Reply,Photo,https://pbs.twimg.com/media/EKt0dinXkAADUQU.png https://pbs.twimg.com/media/EKt0dikXYAAcEWC.png https://pbs.twimg.com/media/EKt0dinXUAIHrKz.png ,0,0,1
1201257153585135617,"New! Import OBJ into @AdobeAE with Mettle Mantra V2

Get a tech demo @NABShow @DellEMC Booth SL8011 @MCDopsa 
Running great on Dell Precision Workstations! https://t.co/1tFBuLEcU0",Felipe Zuckerman,FelipeZuckerman,Sun Dec 01 21:49:58 +0000 2019,0,7,English,"<a href=""https://mobile.twitter.com"" rel=""nofollow"">Twitter Web App</a>",Retweet,Video,https://video.twimg.com/ext_tw_video/1115701315500478468/pu/vid/360x702/_ECJ3oLSP9Gi3237.mp4?tag=8 ,0,0,4
1201334422299185153,"Seven and a half years ago, the first project I was on for @DellEMC was in the DC area. Worked on that project for 16 months. Every week flying in and out of Dulles .  This is the first time I’ve been back to Dulles since that project.",Brian Ragazzi,brianragazzi,Mon Dec 02 02:57:00 +0000 2019,3,0,English,"<a href=""http://twitter.com/download/iphone"" rel=""nofollow"">Twitter for iPhone</a>",Tweet,,,0,0,1
1201539138773815301,"@DellEMC_CI @VMware I am hoping to get Higher Command help ( Mr. Dell or one of his close Aids ) before Christmas, and definitely before the Next Millennium??? Seeing how they took my money...... https://t.co/5tezYAKgsM",Robert,MrMacDonald7,Mon Dec 02 16:30:28 +0000 2019,0,0,English,"<a href=""https://mobile.twitter.com"" rel=""nofollow"">Twitter Web App</a>",Reply,Photo,https://pbs.twimg.com/media/EKy5eEfWsAAChHW.png https://pbs.twimg.com/media/EKy5eEeWkAgPRes.png https://pbs.twimg.com/media/EKy5eEeXkAEH3yi.png ,0,0,2
1201542976867979268,"@dvellante @awscloud @Azure @ETRnews @theCUBE @dfloyer @furrier I totally agree Dave... to win in #digital economy you need to get to #developers, the masons of digital empires, and #edge is. I exception to this rule... even better, I suggest that @DellEMC build a 20 people developer advocacy global group! 

#reInvent #reInvent2019",Sarbjeet Johal at #reinvent,sarbjeetjohal,Mon Dec 02 16:45:43 +0000 2019,0,0,English,"<a href=""http://twitter.com/download/iphone"" rel=""nofollow"">Twitter for iPhone</a>",Reply,,,0,5,8
1201553005075730432,"Another happy customer. 
This one site of a replicating pair encompassing Isilon H500 and IDPA DP4400 from Dell Technologies. This was installed last week at a datacentre near Leeds #dell #dellemc #isilon #IDPA https://t.co/BYoYodbfBr",Constor Solutions Ltd,ConstorSolution,Mon Dec 02 17:25:34 +0000 2019,1,0,English,"<a href=""https://mobile.twitter.com"" rel=""nofollow"">Twitter Web App</a>",Tweet,Photo,https://pbs.twimg.com/media/EKzGExFWsAAbaxs.jpg https://pbs.twimg.com/media/EKzGExMXUAMGLKV.jpg ,0,4,0
1201570983171239937,"Excellent presentation by all groups tonight
@amhogan2 
@DellEMC 
#CollaboratewithCIT
@CIT_ie https://t.co/EczyOpLdH7",CIT Extended Campus,extendedcampus,Mon Dec 02 18:37:01 +0000 2019,7,0,English,"<a href=""http://twitter.com/download/android"" rel=""nofollow"">Twitter for Android</a>",Tweet,Photo,https://pbs.twimg.com/media/EKzWZKXWwAUnwaX.jpg https://pbs.twimg.com/media/EKzWaEsWoAEevgB.jpg https://pbs.twimg.com/media/EKzWa77WkAAjNaK.jpg https://pbs.twimg.com/media/EKzWbysWwAA50DE.jpg ,0,1,3
1201591989080412162,"Thankful for our community of talented, innovative and creative techies! https://t.co/RV7OqRr7pK",Denise LeBlanc,DeniseLeBlanc1,Mon Dec 02 20:00:29 +0000 2019,0,6,English,"<a href=""https://about.twitter.com/products/tweetdeck"" rel=""nofollow"">TweetDeck</a>",Retweet,Video,https://video.twimg.com/ext_tw_video/1200113880724385793/pu/vid/480x480/4xHQjOLfDku2N_Nx.mp4?tag=10 ,0,0,0
1201693083965878272,@MattZwol hosting the #exSEllence (best of best) @Dellemc #APJ #SEs in #Sunny Melbourne and wonderfully organised by @clivegold https://t.co/ZCFHoyv3xq,Prem @DellEMC,ozprem,Tue Dec 03 02:42:12 +0000 2019,0,0,English,"<a href=""http://twitter.com/download/iphone"" rel=""nofollow"">Twitter for iPhone</a>",Tweet,Photo,https://pbs.twimg.com/media/EK1FfHrU0AArqf1.jpg ,0,4,3
1201725053748072450,@TheChrisRubio @Dell @HardRockStadium @DDonovan1988 @BillPopp1 @DellEMC Showtime!,Fran Bogle,BogleFran,Tue Dec 03 04:49:14 +0000 2019,0,0,English,"<a href=""http://twitter.com/download/iphone"" rel=""nofollow"">Twitter for iPhone</a>",Reply,,,0,0,6